Workbook

Sheet or2509 Parameter Sets
A1: Parameter Set | B1: Machine Cycle No | C1: Casting Part Label | D1: Datum | E1: type_1st_phase | F1: s1 | G1: v1 | H1: s2 | I1: v2 | J1: vcrit | K1: vI | L1: s3 | M1: v3 | N1: s4 | O1: s_start_braking | P1: vbrake | Q1: p0 | R1: p1 | S1: t1 | T1: p2 | U1: t2 | V1: sol_time | W1: pvac | X1: hf1 | Y1: hm2 | Z1: metal | AA1: hf2 | AB1: hf3 | AC1: f3 | AD1: f4 | AE1: hm3 | AF1: hm4 | AG1: m4 | AH1: piston | AI1: Dichteindex | AJ1: Comment | AK1: Quenching | AL1: Heat treatment | AM1: Alloy | AN1: Alloy Si | AO1: Alloy Fe | AP1: Alloy Cu | AQ1: Alloy Mn | AR1: Alloy Mg | AS1: Alloy Cr | AT1: Alloy Ni | AU1: Alloy Zn | AV1: Alloy Ti | AW1: Cavity Sensor Data File | AX1: Cavity Sensor Single Export File Path | AY1: Cavity Sensor File Cycle Nr | AZ1: Casting diagram File Path | BA1: Shot info file path | BB1: Diagnosis Diagram | BC1: Values corrected from DDM
A2: or2509-001 | B2: 12 | C2: 12 | D2: 45908 | E2: no optimization | F2: 160 | G2: 0.2 | H2: 399 | I2: 0.3 | K2: 3.3 | L2: 540 | M2: 0.5 | N2: 560 | O2: 710 | P2: 0.5 | Q2: 300 | R2: 300 | S2: 0.1 | T2: 300 | U2: 0.1 | V2: 3 | W2: 1000 | X2: 160 | Y2: 180 | Z2: 700 | AA2: 180 | AB2: 160 | AC2: 120 | AD2: 120 | AE2: 160 | AF2: 160 | AG2: 120 | AH2: 60 | AI2: 0 | AJ2: Parametric study, Baseline repeat | AK2: Air | AL2: F | AM2: 230 AlSi12(Fe) | AN2: 11.29 | AO2: 0.737 | AP2: 0.0414 | AQ2: 0.324 | AR2: 0.0273 | AS2: 0.0194 | AT2: 0.0141 | AU2: 0.0326 | AV2: 0.0233 | AW2: Data\CavitySensors\Sensordata_single_export | AX2: 250908 | AY2: 12 | AZ2: Data\ddm\ddm_y_FliesslaengerformBuehler_MachineCycleNo_pw.xml.gz | BA2: Data\dwa\dwa_y_FliesslaengerformBuehler_MachineCycleNo_pw.txt | BB2: Data\ddd\ddd_y_TIMESTAMP_FROM_DWA.xml.gz | BC2: False
A3: or2509-001 | B3: 13 | C3: 13 | D3: 45908 | E3: no optimization | F3: 160 | G3: 0.2 | H3: 399 | I3: 0.3 | K3: 3.3 | L3: 540 | M3: 0.5 | N3: 560 | O3: 710 | P3: 0.5 | Q3: 300 | R3: 300 | S3: 0.1 | T3: 300 | U3: 0.1 | V3: 3 | W3: 1000 | X3: 160 | Y3: 180 | Z3: 700 | AA3: 180 | AB3: 160 | AC3: 120 | AD3: 120 | AE3: 160 | AF3: 160 | AG3: 120 | AH3: 60 | AI3: 0 | AJ3: Parametric study, Baseline repeat | AK3: Air | AL3: F | AM3: 230 AlSi12(Fe) | AN3: 11.29 | AO3: 0.737 | AP3: 0.0414 | AQ3: 0.324 | AR3: 0.0273 | AS3: 0.0194 | AT3: 0.0141 | AU3: 0.0326 | AV3: 0.0233 | AW3: Data\CavitySensors\Sensordata_single_export | AX3: 250908 | AY3: 13 | AZ3: Data\ddm\ddm_y_FliesslaengerformBuehler_MachineCycleNo_pw.xml.gz | BA3: Data\dwa\dwa_y_FliesslaengerformBuehler_MachineCycleNo_pw.txt | BB3: Data\ddd\ddd_y_TIMESTAMP_FROM_DWA.xml.gz | BC3: False
A4: or2509-001 | B4: 14 | C4: 14 | D4: 45908 | E4: no optimization | F4: 160 | G4: 0.2 | H4: 399 | I4: 0.3 | K4: 3.3 | L4: 540 | M4: 0.5 | N4: 560 | O4: 710 | P4: 0.5 | Q4: 300 | R4: 300 | S4: 0.1 | T4: 300 | U4: 0.1 | V4: 3 | W4: 1000 | X4: 160 | Y4: 180 | Z4: 700 | AA4: 180 | AB4: 160 | AC4: 120 | AD4: 120 | AE4: 160 | AF4: 160 | AG4: 120 | AH4: 60 | AI4: 0 | AJ4: Parametric study, Baseline repeat | AK4: Air | AL4: F | AM4: 230 AlSi12(Fe) | AN4: 11.29 | AO4: 0.737 | AP4: 0.0414 | AQ4: 0.324 | AR4: 0.0273 | AS4: 0.0194 | AT4: 0.0141 | AU4: 0.0326 | AV4: 0.0233 | AW4: Data\CavitySensors\Sensordata_single_export | AX4: 250908 | AY4: 14 | AZ4: Data\ddm\ddm_y_FliesslaengerformBuehler_MachineCycleNo_pw.xml.gz | BA4: Data\dwa\dwa_y_FliesslaengerformBuehler_MachineCycleNo_pw.txt | BB4: Data\ddd\ddd_y_TIMESTAMP_FROM_DWA.xml.gz | BC4: False
A5: or2509-002 | B5: 29 | C5: 29 | D5: 45909 | E5: Buehler any | J5: 0.63 | K5: 3.5 | L5: 526 | M5: 1.7 | N5: 626 | O5: 709 | P5: 1 | Q5: 300 | R5: 500 | S5: 0.04 | T5: 600 | U5: 0.1 | V5: 16 | W5: 1000 | X5: 160 | Y5: 180 | Z5: 700 | AA5: 180 | AB5: 160 | AC5: 120 | AD5: 120 | AE5: 160 | AF5: 160 | AG5: 120 | AH5: 60 | AI5: 0.0833 | AJ5: Parametric study, preliminary tesile test | AK5: Air | AL5: F | AM5: 230 AlSi12(Fe) | AN5: 11.35 | AO5: 0.765 | AP5: 0.0357 | AQ5: 0.331 | AR5: 0.0251 | AS5: 0.0218 | AT5: 0.0132 | AU5: 0.034 | AV5: 0.0246 | AW5: Data\CavitySensors\Sensordata_single_export | AZ5: Data\ddm\ddm_y_FliesslaengerformBuehler_MachineCycleNo_pw.xml.gz | BA5: Data\dwa\dwa_y_FliesslaengerformBuehler_MachineCycleNo_pw.txt | BB5: Data\ddd\ddd_y_TIMESTAMP_FROM_DWA.xml.gz | BC5: False
A6: or2509-002 | B6: 30 | C6: 30 | D6: 45909 | E6: Buehler any | J6: 0.63 | K6: 3.5 | L6: 526 | M6: 1.7 | N6: 626 | O6: 709 | P6: 1 | Q6: 300 | R6: 500 | S6: 0.04 | T6: 600 | U6: 0.1 | V6: 16 | W6: 1000 | X6: 160 | Y6: 180 | Z6: 700 | AA6: 180 | AB6: 160 | AC6: 120 | AD6: 120 | AE6: 160 | AF6: 160 | AG6: 120 | AH6: 60 | AI6: 0.0833 | AJ6: Parametric study | AK6: Air | AL6: F | AM6: 230 AlSi12(Fe) | AN6: 11.35 | AO6: 0.765 | AP6: 0.0357 | AQ6: 0.331 | AR6: 0.0251 | AS6: 0.0218 | AT6: 0.0132 | AU6: 0.034 | AV6: 0.0246 | AW6: Data\CavitySensors\Sensordata_single_export | AX6: 250909 | AY6: 13 | AZ6: Data\ddm\ddm_y_FliesslaengerformBuehler_MachineCycleNo_pw.xml.gz | BA6: Data\dwa\dwa_y_FliesslaengerformBuehler_MachineCycleNo_pw.txt | BB6: Data\ddd\ddd_y_TIMESTAMP_FROM_DWA.xml.gz | BC6: False
A7: or2509-002 | B7: 31 | C7: 31 | D7: 45909 | E7: Buehler any | J7: 0.63 | K7: 3.5 | L7: 526 | M7: 1.7 | N7: 626 | O7: 709 | P7: 1 | Q7: 300 | R7: 500 | S7: 0.04 | T7: 600 | U7: 0.1 | V7: 16 | W7: 1000 | X7: 160 | Y7: 180 | Z7: 700 | AA7: 180 | AB7: 160 | AC7: 120 | AD7: 120 | AE7: 160 | AF7: 160 | AG7: 120 | AH7: 60 | AI7: 0.0833 | AJ7: Parametric study | AK7: Air | AL7: F | AM7: 230 AlSi12(Fe) | AN7: 11.35 | AO7: 0.765 | AP7: 0.0357 | AQ7: 0.331 | AR7: 0.0251 | AS7: 0.0218 | AT7: 0.0132 | AU7: 0.034 | AV7: 0.0246 | AW7: Data\CavitySensors\Sensordata_single_export | AX7: 250909 | AY7: 14 | AZ7: Data\ddm\ddm_y_FliesslaengerformBuehler_MachineCycleNo_pw.xml.gz | BA7: Data\dwa\dwa_y_FliesslaengerformBuehler_MachineCycleNo_pw.txt | BB7: Data\ddd\ddd_y_TIMESTAMP_FROM_DWA.xml.gz | BC7: False
A8: or2509-002 | B8: 32 | C8: 32 | D8: 45909 | E8: Buehler any | J8: 0.63 | K8: 3.5 | L8: 526 | M8: 1.7 | N8: 626 | O8: 709 | P8: 1 | Q8: 300 | R8: 500 | S8: 0.04 | T8: 600 | U8: 0.1 | V8: 16 | W8: 1000 | X8: 160 | Y8: 180 | Z8: 700 | AA8: 180 | AB8: 160 | AC8: 120 | AD8: 120 | AE8: 160 | AF8: 160 | AG8: 120 | AH8: 60 | AI8: 0.0833 | AJ8: Parametric study | AK8: Air | AL8: F | AM8: 230 AlSi12(Fe) | AN8: 11.35 | AO8: 0.765 | AP8: 0.0357 | AQ8: 0.331 | AR8: 0.0251 | AS8: 0.0218 | AT8: 0.0132 | AU8: 0.034 | AV8: 0.0246 | AW8: Data\CavitySensors\Sensordata_single_export | AX8: 250909 | AY8: 15 | AZ8: Data\ddm\ddm_y_FliesslaengerformBuehler_MachineCycleNo_pw.xml.gz | BA8: Data\dwa\dwa_y_FliesslaengerformBuehler_MachineCycleNo_pw.txt | BB8: Data\ddd\ddd_y_TIMESTAMP_FROM_DWA.xml.gz | BC8: False
A9: or2509-003 | B9: 37 | C9: 37 | D9: 45909 | E9: Buehler any | J9: 0.32 | K9: 2 | L9: 466 | M9: 1.9 | N9: 554 | O9: 699 | P9: 0.75 | Q9: 200 | R9: 500 | S9: 0.11 | T9: 500 | U9: 0.14 | V9: 16 | W9: 1000 | X9: 160 | Y9: 180 | Z9: 700 | AA9: 180 | AB9: 160 | AC9: 120 | AD9: 120 | AE9: 160 | AF9: 160 | AG9: 120 | AH9: 60 | AI9: 0.0833 | AJ9: Parametric study | AK9: Air | AL9: F | AM9: 230 AlSi12(Fe) | AN9: 11.35 | AO9: 0.765 | AP9: 0.0357 | AQ9: 0.331 | AR9: 0.0251 | AS9: 0.0218 | AT9: 0.0132 | AU9: 0.034 | AV9: 0.0246 | AW9: Data\CavitySensors\Sensordata_single_export | AX9: 250909 | AY9: 20 | AZ9: Data\ddm\ddm_y_FliesslaengerformBuehler_MachineCycleNo_pw.xml.gz | BA9: Data\dwa\dwa_y_FliesslaengerformBuehler_MachineCycleNo_pw.txt | BB9: Data\ddd\ddd_y_TIMESTAMP_FROM_DWA.xml.gz | BC9: True
A10: or2509-003 | B10: 38 | C10: lost | D10: 45909 | E10: Buehler any | J10: 0.32 | K10: 2 | L10: 466 | M10: 1.9 | N10: 554 | O10: 699 | P10: 0.75 | Q10: 200 | R10: 500 | S10: 0.11 | T10: 500 | U10: 0.14 | V10: 16 | W10: 1000 | X10: 160 | Y10: 180 | Z10: 700 | AA10: 180 | AB10: 160 | AC10: 120 | AD10: 120 | AE10: 160 | AF10: 160 | AG10: 120 | AH10: 60 | AI10: 0.0833 | AJ10: Parametric study | AK10: Air | AL10: F | AM10: 230 AlSi12(Fe) | AN10: 11.35 | AO10: 0.765 | AP10: 0.0357 | AQ10: 0.331 | AR10: 0.0251 | AS10: 0.0218 | AT10: 0.0132 | AU10: 0.034 | AV10: 0.0246 | AW10: Data\CavitySensors\Sensordata_single_export | AX10: 250909 | AY10: 21 | AZ10: Data\ddm\ddm_y_FliesslaengerformBuehler_MachineCycleNo_pw.xml.gz | BA10: Data\dwa\dwa_y_FliesslaengerformBuehler_MachineCycleNo_pw.txt | BB10: Data\ddd\ddd_y_TIMESTAMP_FROM_DWA.xml.gz | BC10: True
A11: or2509-003 | B11: 39 | C11: 39 | D11: 45909 | E11: Buehler any | J11: 0.32 | K11: 2 | L11: 466 | M11: 1.9 | N11: 554 | O11: 699 | P11: 0.75 | Q11: 200 | R11: 500 | S11: 0.11 | T11: 500 | U11: 0.14 | V11: 16 | W11: 1000 | X11: 160 | Y11: 180 | Z11: 700 | AA11: 180 | AB11: 160 | AC11: 120 | AD11: 120 | AE11: 160 | AF11: 160 | AG11: 120 | AH11: 60 | AI11: 0.0833 | AJ11: Parametric study | AK11: Air | AL11: F | AM11: 230 AlSi12(Fe) | AN11: 11.35 | AO11: 0.765 | AP11: 0.0357 | AQ11: 0.331 | AR11: 0.0251 | AS11: 0.0218 | AT11: 0.0132 | AU11: 0.034 | AV11: 0.0246 | AW11: Data\CavitySensors\Sensordata_single_export | AX11: 250909 | AY11: 22 | AZ11: Data\ddm\ddm_y_FliesslaengerformBuehler_MachineCycleNo_pw.xml.gz | BA11: Data\dwa\dwa_y_FliesslaengerformBuehler_MachineCycleNo_pw.txt | BB11: Data\ddd\ddd_y_TIMESTAMP_FROM_DWA.xml.gz | BC11: True
A12: or2509-004 | B12: 48 | C12: 48 | D12: 45909 | E12: Nogowizin | K12: 4 | L12: 566 | M12: 1.8 | N12: 646 | O12: 679 | P12: 0.75 | Q12: 200 | R12: 400 | S12: 0.07 | T12: 600 | U12: 0.09 | V12: 8 | W12: 1000 | X12: 160 | Y12: 150 | Z12: 700 | AA12: 180 | AB12: 160 | AC12: 120 | AD12: 120 | AE12: 130 | AF12: 130 | AG12: 90 | AH12: 60 | AI12: 0.0833 | AJ12: Parametric study | AK12: Air | AL12: F | AM12: 230 AlSi12(Fe) | AN12: 11.35 | AO12: 0.765 | AP12: 0.0357 | AQ12: 0.331 | AR12: 0.0251 | AS12: 0.0218 | AT12: 0.0132 | AU12: 0.034 | AV12: 0.0246 | AW12: Data\CavitySensors\Sensordata_single_export | AX12: 250909 | AY12: 31 | AZ12: Data\ddm\ddm_y_FliesslaengerformBuehler_MachineCycleNo_pw.xml.gz | BA12: Data\dwa\dwa_y_FliesslaengerformBuehler_MachineCycleNo_pw.txt | BB12: Data\ddd\ddd_y_TIMESTAMP_FROM_DWA.xml.gz | BC12: False
A13: or2509-004 | B13: 49 | C13: 49 | D13: 45909 | E13: Nogowizin | K13: 4 | L13: 566 | M13: 1.8 | N13: 646 | O13: 679 | P13: 0.75 | Q13: 200 | R13: 400 | S13: 0.07 | T13: 600 | U13: 0.09 | V13: 8 | W13: 1000 | X13: 160 | Y13: 150 | Z13: 700 | AA13: 180 | AB13: 160 | AC13: 120 | AD13: 120 | AE13: 130 | AF13: 130 | AG13: 90 | AH13: 60 | AI13: 0.0833 | AJ13: Parametric study | AK13: Air | AL13: F | AM13: 230 AlSi12(Fe) | AN13: 11.35 | AO13: 0.765 | AP13: 0.0357 | AQ13: 0.331 | AR13: 0.0251 | AS13: 0.0218 | AT13: 0.0132 | AU13: 0.034 | AV13: 0.0246 | AW13: Data\CavitySensors\Sensordata_single_export | AX13: 250909 | AY13: 32 | AZ13: Data\ddm\ddm_y_FliesslaengerformBuehler_MachineCycleNo_pw.xml.gz | BA13: Data\dwa\dwa_y_FliesslaengerformBuehler_MachineCycleNo_pw.txt | BB13: Data\ddd\ddd_y_TIMESTAMP_FROM_DWA.xml.gz | BC13: False
A14: or2509-004 | B14: 50 | C14: 50 | D14: 45909 | E14: Nogowizin | K14: 4 | L14: 566 | M14: 1.8 | N14: 646 | O14: 679 | P14: 0.75 | Q14: 200 | R14: 400 | S14: 0.07 | T14: 600 | U14: 0.09 | V14: 8 | W14: 1000 | X14: 160 | Y14: 150 | Z14: 700 | AA14: 180 | AB14: 160 | AC14: 120 | AD14: 120 | AE14: 130 | AF14: 130 | AG14: 90 | AH14: 60 | AI14: 0.0833 | AJ14: Parametric study | AK14: Air | AL14: F | AM14: 230 AlSi12(Fe) | AN14: 11.35 | AO14: 0.765 | AP14: 0.0357 | AQ14: 0.331 | AR14: 0.0251 | AS14: 0.0218 | AT14: 0.0132 | AU14: 0.034 | AV14: 0.0246 | AW14: Data\CavitySensors\Sensordata_single_export | AX14: 250909 | AY14: 33 | AZ14: Data\ddm\ddm_y_FliesslaengerformBuehler_MachineCycleNo_pw.xml.gz | BA14: Data\dwa\dwa_y_FliesslaengerformBuehler_MachineCycleNo_pw.txt | BB14: Data\ddd\ddd_y_TIMESTAMP_FROM_DWA.xml.gz | BC14: False
A15: or2509-005 | B15: 57 | C15: 57 | D15: 45909 | E15: Buehler any | J15: 0.63 | K15: 4 | L15: 566 | M15: 1.8 | N15: 646 | O15: 679 | P15: 0.75 | Q15: 200 | R15: 400 | S15: 0.07 | T15: 600 | U15: 0.09 | V15: 4 | W15: 500 | X15: 160 | Y15: 150 | Z15: 700 | AA15: 180 | AB15: 160 | AC15: 120 | AD15: 120 | AE15: 130 | AF15: 130 | AG15: 90 | AH15: 60 | AI15: 0.0833 | AJ15: Parametric study | AK15: Air | AL15: F | AM15: 230 AlSi12(Fe) | AN15: 11.35 | AO15: 0.765 | AP15: 0.0357 | AQ15: 0.331 | AR15: 0.0251 | AS15: 0.0218 | AT15: 0.0132 | AU15: 0.034 | AV15: 0.0246 | AW15: Data\CavitySensors\Sensordata_single_export | AX15: 250909 | AY15: 40 | AZ15: Data\ddm\ddm_y_FliesslaengerformBuehler_MachineCycleNo_pw.xml.gz | BA15: Data\dwa\dwa_y_FliesslaengerformBuehler_MachineCycleNo_pw.txt | BB15: Data\ddd\ddd_y_TIMESTAMP_FROM_DWA.xml.gz | BC15: True
A16: or2509-005 | B16: 58 | C16: 58 | D16: 45909 | E16: Buehler any | J16: 0.63 | K16: 4 | L16: 566 | M16: 1.8 | N16: 646 | O16: 679 | P16: 0.75 | Q16: 200 | R16: 400 | S16: 0.07 | T16: 600 | U16: 0.09 | V16: 4 | W16: 500 | X16: 160 | Y16: 150 | Z16: 700 | AA16: 180 | AB16: 160 | AC16: 120 | AD16: 120 | AE16: 130 | AF16: 130 | AG16: 90 | AH16: 60 | AI16: 0.0833 | AJ16: Parametric study | AK16: Air | AL16: F | AM16: 230 AlSi12(Fe) | AN16: 11.35 | AO16: 0.765 | AP16: 0.0357 | AQ16: 0.331 | AR16: 0.0251 | AS16: 0.0218 | AT16: 0.0132 | AU16: 0.034 | AV16: 0.0246 | AW16: Data\CavitySensors\Sensordata_single_export | AX16: 250909 | AY16: 41 | AZ16: Data\ddm\ddm_y_FliesslaengerformBuehler_MachineCycleNo_pw.xml.gz | BA16: Data\dwa\dwa_y_FliesslaengerformBuehler_MachineCycleNo_pw.txt | BB16: Data\ddd\ddd_y_TIMESTAMP_FROM_DWA.xml.gz | BC16: True
A17: or2509-005 | B17: 59 | C17: 59 | D17: 45909 | E17: Buehler any | J17: 0.63 | K17: 4 | L17: 566 | M17: 1.8 | N17: 646 | O17: 679 | P17: 0.75 | Q17: 200 | R17: 400 | S17: 0.07 | T17: 600 | U17: 0.09 | V17: 4 | W17: 500 | X17: 160 | Y17: 150 | Z17: 700 | AA17: 180 | AB17: 160 | AC17: 120 | AD17: 120 | AE17: 130 | AF17: 130 | AG17: 90 | AH17: 60 | AI17: 0.0833 | AJ17: Parametric study | AK17: Air | AL17: F | AM17: 230 AlSi12(Fe) | AN17: 11.35 | AO17: 0.765 | AP17: 0.0357 | AQ17: 0.331 | AR17: 0.0251 | AS17: 0.0218 | AT17: 0.0132 | AU17: 0.034 | AV17: 0.0246 | AW17: Data\CavitySensors\Sensordata_single_export | AX17: 250909 | AY17: 42 | AZ17: Data\ddm\ddm_y_FliesslaengerformBuehler_MachineCycleNo_pw.xml.gz | BA17: Data\dwa\dwa_y_FliesslaengerformBuehler_MachineCycleNo_pw.txt | BB17: Data\ddd\ddd_y_TIMESTAMP_FROM_DWA.xml.gz | BC17: True
A18: or2509-006 | B18: 63 | C18: 63 | D18: 45909 | E18: Nogowizin | K18: 2.5 | L18: 466 | M18: 1.8 | N18: 546 | O18: 699 | P18: 1 | Q18: 200 | R18: 400 | S18: 0.06 | T18: 700 | U18: 0.14 | V18: 16 | W18: 1000 | X18: 160 | Y18: 150 | Z18: 700 | AA18: 180 | AB18: 160 | AC18: 120 | AD18: 120 | AE18: 130 | AF18: 130 | AG18: 90 | AH18: 60 | AI18: 0.0833 | AJ18: Parametric study | AK18: Air | AL18: F | AM18: 230 AlSi12(Fe) | AN18: 11.35 | AO18: 0.765 | AP18: 0.0357 | AQ18: 0.331 | AR18: 0.0251 | AS18: 0.0218 | AT18: 0.0132 | AU18: 0.034 | AV18: 0.0246 | AW18: Data\CavitySensors\Sensordata_single_export | AX18: 250909 | AY18: 46 | AZ18: Data\ddm\ddm_y_FliesslaengerformBuehler_MachineCycleNo_pw.xml.gz | BA18: Data\dwa\dwa_y_FliesslaengerformBuehler_MachineCycleNo_pw.txt | BB18: Data\ddd\ddd_y_TIMESTAMP_FROM_DWA.xml.gz | BC18: False
A19: or2509-006 | B19: 64 | C19: 64 | D19: 45909 | E19: Nogowizin | K19: 2.5 | L19: 466 | M19: 1.8 | N19: 546 | O19: 699 | P19: 1 | Q19: 200 | R19: 400 | S19: 0.06 | T19: 700 | U19: 0.14 | V19: 16 | W19: 1000 | X19: 160 | Y19: 150 | Z19: 700 | AA19: 180 | AB19: 160 | AC19: 120 | AD19: 120 | AE19: 130 | AF19: 130 | AG19: 90 | AH19: 60 | AI19: 0.0833 | AJ19: Parametric study | AK19: Air | AL19: F | AM19: 230 AlSi12(Fe) | AN19: 11.35 | AO19: 0.765 | AP19: 0.0357 | AQ19: 0.331 | AR19: 0.0251 | AS19: 0.0218 | AT19: 0.0132 | AU19: 0.034 | AV19: 0.0246 | AW19: Data\CavitySensors\Sensordata_single_export | AX19: 250909 | AY19: 47 | AZ19: Data\ddm\ddm_y_FliesslaengerformBuehler_MachineCycleNo_pw.xml.gz | BA19: Data\dwa\dwa_y_FliesslaengerformBuehler_MachineCycleNo_pw.txt | BB19: Data\ddd\ddd_y_TIMESTAMP_FROM_DWA.xml.gz | BC19: False
A20: or2509-006 | B20: 65 | C20: 65 | D20: 45909 | E20: Nogowizin | K20: 2.5 | L20: 466 | M20: 1.8 | N20: 546 | O20: 699 | P20: 1 | Q20: 200 | R20: 400 | S20: 0.06 | T20: 700 | U20: 0.14 | V20: 16 | W20: 1000 | X20: 160 | Y20: 150 | Z20: 700 | AA20: 180 | AB20: 160 | AC20: 120 | AD20: 120 | AE20: 130 | AF20: 130 | AG20: 90 | AH20: 60 | AI20: 0.0833 | AJ20: Parametric study | AK20: Air | AL20: F | AM20: 230 AlSi12(Fe) | AN20: 11.35 | AO20: 0.765 | AP20: 0.0357 | AQ20: 0.331 | AR20: 0.0251 | AS20: 0.0218 | AT20: 0.0132 | AU20: 0.034 | AV20: 0.0246 | AW20: Data\CavitySensors\Sensordata_single_export | AX20: 250909 | AY20: 48 | AZ20: Data\ddm\ddm_y_FliesslaengerformBuehler_MachineCycleNo_pw.xml.gz | BA20: Data\dwa\dwa_y_FliesslaengerformBuehler_MachineCycleNo_pw.txt | BB20: Data\ddd\ddd_y_TIMESTAMP_FROM_DWA.xml.gz | BC20: False
A21: or2509-007 | B21: 69 | C21: 69 | D21: 45909 | E21: Nogowizin | K21: 3.5 | L21: 566 | M21: 3.2 | N21: 666 | O21: 689 | P21: 0.75 | Q21: 200 | R21: 200 | S21: 0.07 | T21: 400 | U21: 0.11 | V21: 4 | W21: 500 | X21: 160 | Y21: 150 | Z21: 700 | AA21: 180 | AB21: 160 | AC21: 120 | AD21: 120 | AE21: 130 | AF21: 130 | AG21: 90 | AH21: 60 | AI21: 0.0833 | AJ21: Parametric study | AK21: Air | AL21: F | AM21: 230 AlSi12(Fe) | AN21: 11.35 | AO21: 0.765 | AP21: 0.0357 | AQ21: 0.331 | AR21: 0.0251 | AS21: 0.0218 | AT21: 0.0132 | AU21: 0.034 | AV21: 0.0246 | AW21: Data\CavitySensors\Sensordata_single_export | AX21: 250909 | AY21: 52 | AZ21: Data\ddm\ddm_y_FliesslaengerformBuehler_MachineCycleNo_pw.xml.gz | BA21: Data\dwa\dwa_y_FliesslaengerformBuehler_MachineCycleNo_pw.txt | BB21: Data\ddd\ddd_y_TIMESTAMP_FROM_DWA.xml.gz | BC21: False
A22: or2509-007 | B22: 70 | C22: 70 | D22: 45909 | E22: Nogowizin | K22: 3.5 | L22: 566 | M22: 3.2 | N22: 666 | O22: 689 | P22: 0.75 | Q22: 200 | R22: 200 | S22: 0.07 | T22: 400 | U22: 0.11 | V22: 4 | W22: 500 | X22: 160 | Y22: 150 | Z22: 700 | AA22: 180 | AB22: 160 | AC22: 120 | AD22: 120 | AE22: 130 | AF22: 130 | AG22: 90 | AH22: 60 | AI22: 0.0833 | AJ22: Parametric study | AK22: Air | AL22: F | AM22: 230 AlSi12(Fe) | AN22: 11.35 | AO22: 0.765 | AP22: 0.0357 | AQ22: 0.331 | AR22: 0.0251 | AS22: 0.0218 | AT22: 0.0132 | AU22: 0.034 | AV22: 0.0246 | AW22: Data\CavitySensors\Sensordata_single_export | AX22: 250909 | AY22: 53 | AZ22: Data\ddm\ddm_y_FliesslaengerformBuehler_MachineCycleNo_pw.xml.gz | BA22: Data\dwa\dwa_y_FliesslaengerformBuehler_MachineCycleNo_pw.txt | BB22: Data\ddd\ddd_y_TIMESTAMP_FROM_DWA.xml.gz | BC22: False
A23: or2509-007 | B23: 71 | C23: 71 | D23: 45909 | E23: Nogowizin | K23: 3.5 | L23: 566 | M23: 3.2 | N23: 666 | O23: 689 | P23: 0.75 | Q23: 200 | R23: 200 | S23: 0.07 | T23: 400 | U23: 0.11 | V23: 4 | W23: 500 | X23: 160 | Y23: 150 | Z23: 700 | AA23: 180 | AB23: 160 | AC23: 120 | AD23: 120 | AE23: 130 | AF23: 130 | AG23: 90 | AH23: 60 | AI23: 0.0833 | AJ23: Parametric study | AK23: Air | AL23: F | AM23: 230 AlSi12(Fe) | AN23: 11.35 | AO23: 0.765 | AP23: 0.0357 | AQ23: 0.331 | AR23: 0.0251 | AS23: 0.0218 | AT23: 0.0132 | AU23: 0.034 | AV23: 0.0246 | AW23: Data\CavitySensors\Sensordata_single_export | AX23: 250909 | AY23: 54 | AZ23: Data\ddm\ddm_y_FliesslaengerformBuehler_MachineCycleNo_pw.xml.gz | BA23: Data\dwa\dwa_y_FliesslaengerformBuehler_MachineCycleNo_pw.txt | BB23: Data\ddd\ddd_y_TIMESTAMP_FROM_DWA.xml.gz | BC23: False
A24: or2509-008 | B24: 78 | C24: 78 | D24: 45909 | E24: Nogowizin | K24: 3.2 | L24: 486 | M24: 1.9 | N24: 566 | O24: 689 | P24: 1 | Q24: 200 | R24: 200 | S24: 0.08 | T24: 400 | U24: 0.18 | V24: 8 | W24: 1000 | X24: 160 | Y24: 150 | Z24: 700 | AA24: 180 | AB24: 160 | AC24: 120 | AD24: 120 | AE24: 130 | AF24: 130 | AG24: 90 | AH24: 60 | AI24: 0.0833 | AJ24: Parametric study, preliminary tesile test | AK24: Air | AL24: F | AM24: 230 AlSi12(Fe) | AN24: 11.35 | AO24: 0.765 | AP24: 0.0357 | AQ24: 0.331 | AR24: 0.0251 | AS24: 0.0218 | AT24: 0.0132 | AU24: 0.034 | AV24: 0.0246 | AW24: Data\CavitySensors\Sensordata_single_export | AZ24: Data\ddm\ddm_y_FliesslaengerformBuehler_MachineCycleNo_pw.xml.gz | BA24: Data\dwa\dwa_y_FliesslaengerformBuehler_MachineCycleNo_pw.txt | BB24: Data\ddd\ddd_y_TIMESTAMP_FROM_DWA.xml.gz | BC24: True
A25: or2509-008 | B25: 79 | C25: 79 | D25: 45909 | E25: Nogowizin | K25: 3.2 | L25: 486 | M25: 1.9 | N25: 566 | O25: 689 | P25: 1 | Q25: 200 | R25: 200 | S25: 0.08 | T25: 400 | U25: 0.18 | V25: 8 | W25: 1000 | X25: 160 | Y25: 150 | Z25: 700 | AA25: 180 | AB25: 160 | AC25: 120 | AD25: 120 | AE25: 130 | AF25: 130 | AG25: 90 | AH25: 60 | AI25: 0.0833 | AJ25: Parametric study | AK25: Air | AL25: F | AM25: 230 AlSi12(Fe) | AN25: 11.35 | AO25: 0.765 | AP25: 0.0357 | AQ25: 0.331 | AR25: 0.0251 | AS25: 0.0218 | AT25: 0.0132 | AU25: 0.034 | AV25: 0.0246 | AW25: Data\CavitySensors\Sensordata_single_export | AX25: 250909 | AY25: 62 | AZ25: Data\ddm\ddm_y_FliesslaengerformBuehler_MachineCycleNo_pw.xml.gz | BA25: Data\dwa\dwa_y_FliesslaengerformBuehler_MachineCycleNo_pw.txt | BB25: Data\ddd\ddd_y_TIMESTAMP_FROM_DWA.xml.gz | BC25: True
A26: or2509-008 | B26: 80 | C26: 80 | D26: 45909 | E26: Nogowizin | K26: 3.2 | L26: 486 | M26: 1.9 | N26: 566 | O26: 689 | P26: 1 | Q26: 200 | R26: 200 | S26: 0.08 | T26: 400 | U26: 0.18 | V26: 8 | W26: 1000 | X26: 160 | Y26: 150 | Z26: 700 | AA26: 180 | AB26: 160 | AC26: 120 | AD26: 120 | AE26: 130 | AF26: 130 | AG26: 90 | AH26: 60 | AI26: 0.0833 | AJ26: Parametric study | AK26: Air | AL26: F | AM26: 230 AlSi12(Fe) | AN26: 11.35 | AO26: 0.765 | AP26: 0.0357 | AQ26: 0.331 | AR26: 0.0251 | AS26: 0.0218 | AT26: 0.0132 | AU26: 0.034 | AV26: 0.0246 | AW26: Data\CavitySensors\Sensordata_single_export | AX26: 250909 | AY26: 63 | AZ26: Data\ddm\ddm_y_FliesslaengerformBuehler_MachineCycleNo_pw.xml.gz | BA26: Data\dwa\dwa_y_FliesslaengerformBuehler_MachineCycleNo_pw.txt | BB26: Data\ddd\ddd_y_TIMESTAMP_FROM_DWA.xml.gz | BC26: True
A27: or2509-008 | B27: 81 | C27: 81 | D27: 45909 | E27: Nogowizin | K27: 3.2 | L27: 486 | M27: 1.9 | N27: 566 | O27: 689 | P27: 1 | Q27: 200 | R27: 200 | S27: 0.08 | T27: 400 | U27: 0.18 | V27: 8 | W27: 1000 | X27: 160 | Y27: 150 | Z27: 700 | AA27: 180 | AB27: 160 | AC27: 120 | AD27: 120 | AE27: 130 | AF27: 130 | AG27: 90 | AH27: 60 | AI27: 0.0833 | AJ27: Parametric study | AK27: Air | AL27: F | AM27: 230 AlSi12(Fe) | AN27: 11.35 | AO27: 0.765 | AP27: 0.0357 | AQ27: 0.331 | AR27: 0.0251 | AS27: 0.0218 | AT27: 0.0132 | AU27: 0.034 | AV27: 0.0246 | AW27: Data\CavitySensors\Sensordata_single_export | AX27: 250909 | AY27: 64 | AZ27: Data\ddm\ddm_y_FliesslaengerformBuehler_MachineCycleNo_pw.xml.gz | BA27: Data\dwa\dwa_y_FliesslaengerformBuehler_MachineCycleNo_pw.txt | BB27: Data\ddd\ddd_y_TIMESTAMP_FROM_DWA.xml.gz | BC27: True
A28: or2509-009 | B28: 85 | C28: 85 | D28: 45909 | E28: Buehler any | J28: 0.57 | K28: 3.5 | L28: 586 | M28: 1.1 | N28: 666 | O28: 689 | P28: 0.75 | Q28: 200 | R28: 500 | S28: 0.07 | T28: 500 | U28: 0.17 | V28: 16 | W28: 1000 | X28: 160 | Y28: 150 | Z28: 700 | AA28: 180 | AB28: 160 | AC28: 120 | AD28: 120 | AE28: 130 | AF28: 130 | AG28: 90 | AH28: 60 | AI28: 0.0833 | AJ28: Parametric study | AK28: Air | AL28: F | AM28: 230 AlSi12(Fe) | AN28: 11.35 | AO28: 0.765 | AP28: 0.0357 | AQ28: 0.331 | AR28: 0.0251 | AS28: 0.0218 | AT28: 0.0132 | AU28: 0.034 | AV28: 0.0246 | AW28: Data\CavitySensors\Sensordata_single_export | AX28: 250909 | AY28: 68 | AZ28: Data\ddm\ddm_y_FliesslaengerformBuehler_MachineCycleNo_pw.xml.gz | BA28: Data\dwa\dwa_y_FliesslaengerformBuehler_MachineCycleNo_pw.txt | BB28: Data\ddd\ddd_y_TIMESTAMP_FROM_DWA.xml.gz | BC28: False
A29: or2509-009 | B29: 86 | C29: 86 | D29: 45909 | E29: Buehler any | J29: 0.57 | K29: 3.5 | L29: 586 | M29: 1.1 | N29: 666 | O29: 689 | P29: 0.75 | Q29: 200 | R29: 500 | S29: 0.07 | T29: 500 | U29: 0.17 | V29: 16 | W29: 1000 | X29: 160 | Y29: 150 | Z29: 700 | AA29: 180 | AB29: 160 | AC29: 120 | AD29: 120 | AE29: 130 | AF29: 130 | AG29: 90 | AH29: 60 | AI29: 0.0833 | AJ29: Parametric study | AK29: Air | AL29: F | AM29: 230 AlSi12(Fe) | AN29: 11.35 | AO29: 0.765 | AP29: 0.0357 | AQ29: 0.331 | AR29: 0.0251 | AS29: 0.0218 | AT29: 0.0132 | AU29: 0.034 | AV29: 0.0246 | AW29: Data\CavitySensors\Sensordata_single_export | AX29: 250909 | AY29: 69 | AZ29: Data\ddm\ddm_y_FliesslaengerformBuehler_MachineCycleNo_pw.xml.gz | BA29: Data\dwa\dwa_y_FliesslaengerformBuehler_MachineCycleNo_pw.txt | BB29: Data\ddd\ddd_y_TIMESTAMP_FROM_DWA.xml.gz | BC29: False
A30: or2509-009 | B30: 87 | C30: 87 | D30: 45909 | E30: Buehler any | J30: 0.57 | K30: 3.5 | L30: 586 | M30: 1.1 | N30: 666 | O30: 689 | P30: 0.75 | Q30: 200 | R30: 500 | S30: 0.07 | T30: 500 | U30: 0.17 | V30: 16 | W30: 1000 | X30: 160 | Y30: 150 | Z30: 700 | AA30: 180 | AB30: 160 | AC30: 120 | AD30: 120 | AE30: 130 | AF30: 130 | AG30: 90 | AH30: 60 | AI30: 0.0833 | AJ30: Parametric study | AK30: Air | AL30: F | AM30: 230 AlSi12(Fe) | AN30: 11.35 | AO30: 0.765 | AP30: 0.0357 | AQ30: 0.331 | AR30: 0.0251 | AS30: 0.0218 | AT30: 0.0132 | AU30: 0.034 | AV30: 0.0246 | AW30: Data\CavitySensors\Sensordata_single_export | AX30: 250909 | AY30: 70 | AZ30: Data\ddm\ddm_y_FliesslaengerformBuehler_MachineCycleNo_pw.xml.gz | BA30: Data\dwa\dwa_y_FliesslaengerformBuehler_MachineCycleNo_pw.txt | BB30: Data\ddd\ddd_y_TIMESTAMP_FROM_DWA.xml.gz | BC30: False
A31: or2509-010 | B31: 91 | C31: 91 | D31: 45909 | E31: Buehler any | J31: 0.38 | K31: 3 | L31: 486 | M31: 2.6 | N31: 566 | O31: 699 | P31: 0.75 | Q31: 200 | R31: 300 | S31: 0.05 | T31: 400 | U31: 0.15 | V31: 16 | W31: 500 | X31: 160 | Y31: 150 | Z31: 700 | AA31: 180 | AB31: 160 | AC31: 120 | AD31: 120 | AE31: 130 | AF31: 130 | AG31: 90 | AH31: 60 | AI31: 0.0833 | AJ31: Parametric study | AK31: Air | AL31: F | AM31: 230 AlSi12(Fe) | AN31: 11.35 | AO31: 0.765 | AP31: 0.0357 | AQ31: 0.331 | AR31: 0.0251 | AS31: 0.0218 | AT31: 0.0132 | AU31: 0.034 | AV31: 0.0246 | AW31: Data\CavitySensors\Sensordata_single_export | AX31: 250909 | AY31: 74 | AZ31: Data\ddm\ddm_y_FliesslaengerformBuehler_MachineCycleNo_pw.xml.gz | BA31: Data\dwa\dwa_y_FliesslaengerformBuehler_MachineCycleNo_pw.txt | BB31: Data\ddd\ddd_y_TIMESTAMP_FROM_DWA.xml.gz | BC31: False
A32: or2509-010 | B32: 92 | C32: 92 | D32: 45909 | E32: Buehler any | J32: 0.38 | K32: 3 | L32: 486 | M32: 2.6 | N32: 566 | O32: 699 | P32: 0.75 | Q32: 200 | R32: 300 | S32: 0.05 | T32: 400 | U32: 0.15 | V32: 16 | W32: 500 | X32: 160 | Y32: 150 | Z32: 700 | AA32: 180 | AB32: 160 | AC32: 120 | AD32: 120 | AE32: 130 | AF32: 130 | AG32: 90 | AH32: 60 | AI32: 0.0833 | AJ32: Parametric study | AK32: Air | AL32: F | AM32: 230 AlSi12(Fe) | AN32: 11.35 | AO32: 0.765 | AP32: 0.0357 | AQ32: 0.331 | AR32: 0.0251 | AS32: 0.0218 | AT32: 0.0132 | AU32: 0.034 | AV32: 0.0246 | AW32: Data\CavitySensors\Sensordata_single_export | AX32: 250909 | AY32: 75 | AZ32: Data\ddm\ddm_y_FliesslaengerformBuehler_MachineCycleNo_pw.xml.gz | BA32: Data\dwa\dwa_y_FliesslaengerformBuehler_MachineCycleNo_pw.txt | BB32: Data\ddd\ddd_y_TIMESTAMP_FROM_DWA.xml.gz | BC32: False
A33: or2509-010 | B33: 93 | C33: 93 | D33: 45909 | E33: Buehler any | J33: 0.38 | K33: 3 | L33: 486 | M33: 2.6 | N33: 566 | O33: 699 | P33: 0.75 | Q33: 200 | R33: 300 | S33: 0.05 | T33: 400 | U33: 0.15 | V33: 16 | W33: 500 | X33: 160 | Y33: 150 | Z33: 700 | AA33: 180 | AB33: 160 | AC33: 120 | AD33: 120 | AE33: 130 | AF33: 130 | AG33: 90 | AH33: 60 | AI33: 0.0833 | AJ33: Parametric study | AK33: Air | AL33: F | AM33: 230 AlSi12(Fe) | AN33: 11.35 | AO33: 0.765 | AP33: 0.0357 | AQ33: 0.331 | AR33: 0.0251 | AS33: 0.0218 | AT33: 0.0132 | AU33: 0.034 | AV33: 0.0246 | AW33: Data\CavitySensors\Sensordata_single_export | AX33: 250909 | AY33: 76 | AZ33: Data\ddm\ddm_y_FliesslaengerformBuehler_MachineCycleNo_pw.xml.gz | BA33: Data\dwa\dwa_y_FliesslaengerformBuehler_MachineCycleNo_pw.txt | BB33: Data\ddd\ddd_y_TIMESTAMP_FROM_DWA.xml.gz | BC33: False
A34: or2509-011 | B34: 104 | C34: 104 | D34: 45910 | E34: Nogowizin | K34: 2 | L34: 526.1831 | M34: 1.8 | N34: 586.1831 | O34: 699 | P34: 0.75 | Q34: 300 | R34: 300 | S34: 0.06 | T34: 300 | U34: 0.1 | V34: 16 | W34: 1000 | X34: 130 | Y34: 180 | Z34: 680 | AA34: 150 | AB34: 130 | AC34: 90 | AD34: 90 | AE34: 160 | AF34: 160 | AG34: 120 | AH34: 60 | AI34: 0.0453 | AJ34: Parametric study | AK34: Air | AL34: F | AM34: 230 AlSi12(Fe) | AN34: 11.31 | AO34: 0.762 | AP34: 0.0351 | AQ34: 0.33 | AR34: 0.024 | AS34: 0.022 | AT34: 0.0131 | AU34: 0.0337 | AV34: 0.0248 | AW34: Data\CavitySensors\Sensordata_single_export | AX34: 250910 | AY34: 9 | AZ34: Data\ddm\ddm_y_FliesslaengerformBuehler_MachineCycleNo_pw.xml.gz | BA34: Data\dwa\dwa_y_FliesslaengerformBuehler_MachineCycleNo_pw.txt | BB34: Data\ddd\ddd_y_TIMESTAMP_FROM_DWA.xml.gz | BC34: False
A35: or2509-011 | B35: 105 | C35: 105 | D35: 45910 | E35: Nogowizin | K35: 2 | L35: 526.1831 | M35: 1.8 | N35: 586.1831 | O35: 699 | P35: 0.75 | Q35: 300 | R35: 300 | S35: 0.06 | T35: 300 | U35: 0.1 | V35: 16 | W35: 1000 | X35: 130 | Y35: 180 | Z35: 680 | AA35: 150 | AB35: 130 | AC35: 90 | AD35: 90 | AE35: 160 | AF35: 160 | AG35: 120 | AH35: 60 | AI35: 0.0453 | AJ35: Parametric study | AK35: Air | AL35: F | AM35: 230 AlSi12(Fe) | AN35: 11.31 | AO35: 0.762 | AP35: 0.0351 | AQ35: 0.33 | AR35: 0.024 | AS35: 0.022 | AT35: 0.0131 | AU35: 0.0337 | AV35: 0.0248 | AW35: Data\CavitySensors\Sensordata_single_export | AX35: 250910 | AY35: 10 | AZ35: Data\ddm\ddm_y_FliesslaengerformBuehler_MachineCycleNo_pw.xml.gz | BA35: Data\dwa\dwa_y_FliesslaengerformBuehler_MachineCycleNo_pw.txt | BB35: Data\ddd\ddd_y_TIMESTAMP_FROM_DWA.xml.gz | BC35: False
A36: or2509-011 | B36: 106 | C36: 106 | D36: 45910 | E36: Nogowizin | K36: 2 | L36: 526.1831 | M36: 1.8 | N36: 586.1831 | O36: 699 | P36: 0.75 | Q36: 300 | R36: 300 | S36: 0.06 | T36: 300 | U36: 0.1 | V36: 16 | W36: 1000 | X36: 130 | Y36: 180 | Z36: 680 | AA36: 150 | AB36: 130 | AC36: 90 | AD36: 90 | AE36: 160 | AF36: 160 | AG36: 120 | AH36: 60 | AI36: 0.0453 | AJ36: Parametric study | AK36: Air | AL36: F | AM36: 230 AlSi12(Fe) | AN36: 11.31 | AO36: 0.762 | AP36: 0.0351 | AQ36: 0.33 | AR36: 0.024 | AS36: 0.022 | AT36: 0.0131 | AU36: 0.0337 | AV36: 0.0248 | AW36: Data\CavitySensors\Sensordata_single_export | AX36: 250910 | AY36: 11 | AZ36: Data\ddm\ddm_y_FliesslaengerformBuehler_MachineCycleNo_pw.xml.gz | BA36: Data\dwa\dwa_y_FliesslaengerformBuehler_MachineCycleNo_pw.txt | BB36: Data\ddd\ddd_y_TIMESTAMP_FROM_DWA.xml.gz | BC36: False
A37: or2509-012 | B37: 112 | C37: 112 | D37: 45910 | E37: no optimization | F37: 280 | G37: 0.1 | H37: 420 | I37: 0.1 | K37: 2.5 | L37: 566.1831 | M37: 0.3 | N37: 666.1831 | O37: 679 | P37: 1.25 | Q37: 400 | R37: 400 | S37: 0.07 | T37: 400 | U37: 0.09 | V37: 16 | W37: 10 | X37: 130 | Y37: 180 | Z37: 680 | AA37: 150 | AB37: 130 | AC37: 90 | AD37: 90 | AE37: 160 | AF37: 160 | AG37: 120 | AH37: 60 | AI37: 0.0453 | AJ37: Parametric study | AK37: Air | AL37: F | AM37: 230 AlSi12(Fe) | AN37: 11.31 | AO37: 0.762 | AP37: 0.0351 | AQ37: 0.33 | AR37: 0.024 | AS37: 0.022 | AT37: 0.0131 | AU37: 0.0337 | AV37: 0.0248 | AW37: Data\CavitySensors\Sensordata_single_export | AX37: 250910 | AY37: 17 | AZ37: Data\ddm\ddm_y_FliesslaengerformBuehler_MachineCycleNo_pw.xml.gz | BA37: Data\dwa\dwa_y_FliesslaengerformBuehler_MachineCycleNo_pw.txt | BB37: Data\ddd\ddd_y_TIMESTAMP_FROM_DWA.xml.gz | BC37: False
A38: or2509-012 | B38: 113 | C38: 113 | D38: 45910 | E38: no optimization | F38: 280 | G38: 0.1 | H38: 420 | I38: 0.1 | K38: 2.5 | L38: 566.1831 | M38: 0.3 | N38: 666.1831 | O38: 679 | P38: 1.25 | Q38: 400 | R38: 400 | S38: 0.07 | T38: 400 | U38: 0.09 | V38: 16 | W38: 10 | X38: 130 | Y38: 180 | Z38: 680 | AA38: 150 | AB38: 130 | AC38: 90 | AD38: 90 | AE38: 160 | AF38: 160 | AG38: 120 | AH38: 60 | AI38: 0.0453 | AJ38: Parametric study | AK38: Air | AL38: F | AM38: 230 AlSi12(Fe) | AN38: 11.31 | AO38: 0.762 | AP38: 0.0351 | AQ38: 0.33 | AR38: 0.024 | AS38: 0.022 | AT38: 0.0131 | AU38: 0.0337 | AV38: 0.0248 | AW38: Data\CavitySensors\Sensordata_single_export | AX38: 250910 | AY38: 18 | AZ38: Data\ddm\ddm_y_FliesslaengerformBuehler_MachineCycleNo_pw.xml.gz | BA38: Data\dwa\dwa_y_FliesslaengerformBuehler_MachineCycleNo_pw.txt | BB38: Data\ddd\ddd_y_TIMESTAMP_FROM_DWA.xml.gz | BC38: False
A39: or2509-012 | B39: 114 | C39: 114 | D39: 45910 | E39: no optimization | F39: 280 | G39: 0.1 | H39: 420 | I39: 0.1 | K39: 2.5 | L39: 566.1831 | M39: 0.3 | N39: 666.1831 | O39: 679 | P39: 1.25 | Q39: 400 | R39: 400 | S39: 0.07 | T39: 400 | U39: 0.09 | V39: 16 | W39: 10 | X39: 130 | Y39: 180 | Z39: 680 | AA39: 150 | AB39: 130 | AC39: 90 | AD39: 90 | AE39: 160 | AF39: 160 | AG39: 120 | AH39: 60 | AI39: 0.0453 | AJ39: Parametric study | AK39: Air | AL39: F | AM39: 230 AlSi12(Fe) | AN39: 11.31 | AO39: 0.762 | AP39: 0.0351 | AQ39: 0.33 | AR39: 0.024 | AS39: 0.022 | AT39: 0.0131 | AU39: 0.0337 | AV39: 0.0248 | AW39: Data\CavitySensors\Sensordata_single_export | AX39: 250910 | AY39: 19 | AZ39: Data\ddm\ddm_y_FliesslaengerformBuehler_MachineCycleNo_pw.xml.gz | BA39: Data\dwa\dwa_y_FliesslaengerformBuehler_MachineCycleNo_pw.txt | BB39: Data\ddd\ddd_y_TIMESTAMP_FROM_DWA.xml.gz | BC39: False
A40: or2509-013 | B40: 138 | C40: 138 | D40: 45910 | E40: Buehler any | J40: 0.444 | K40: 2 | L40: 486.1831 | M40: 1.6 | N40: 566.1831 | O40: 679 | P40: 1.25 | Q40: 300 | R40: 500 | S40: 0.08 | T40: 600 | U40: 0.16 | V40: 16 | W40: 20 | X40: 130 | Y40: 180 | Z40: 680 | AA40: 150 | AB40: 130 | AC40: 90 | AD40: 90 | AE40: 160 | AF40: 160 | AG40: 120 | AH40: 60 | AI40: 0.0453 | AJ40: Parametric study | AK40: Air | AL40: F | AM40: 230 AlSi12(Fe) | AN40: 11.31 | AO40: 0.762 | AP40: 0.0351 | AQ40: 0.33 | AR40: 0.024 | AS40: 0.022 | AT40: 0.0131 | AU40: 0.0337 | AV40: 0.0248 | AW40: Data\CavitySensors\Sensordata_single_export | AX40: 250910 | AY40: 43 | AZ40: Data\ddm\ddm_y_FliesslaengerformBuehler_MachineCycleNo_pw.xml.gz | BA40: Data\dwa\dwa_y_FliesslaengerformBuehler_MachineCycleNo_pw.txt | BB40: Data\ddd\ddd_y_TIMESTAMP_FROM_DWA.xml.gz | BC40: False
A41: or2509-013 | B41: 139 | C41: lost | D41: 45910 | E41: Buehler any | J41: 0.444 | K41: 2 | L41: 486.1831 | M41: 1.6 | N41: 566.1831 | O41: 679 | P41: 1.25 | Q41: 300 | R41: 500 | S41: 0.08 | T41: 600 | U41: 0.16 | V41: 16 | W41: 20 | X41: 130 | Y41: 180 | Z41: 680 | AA41: 150 | AB41: 130 | AC41: 90 | AD41: 90 | AE41: 160 | AF41: 160 | AG41: 120 | AH41: 60 | AI41: 0.0453 | AJ41: Parametric study | AK41: Air | AL41: F | AM41: 230 AlSi12(Fe) | AN41: 11.31 | AO41: 0.762 | AP41: 0.0351 | AQ41: 0.33 | AR41: 0.024 | AS41: 0.022 | AT41: 0.0131 | AU41: 0.0337 | AV41: 0.0248 | AW41: Data\CavitySensors\Sensordata_single_export | AX41: 250910 | AY41: 44 | AZ41: Data\ddm\ddm_y_FliesslaengerformBuehler_MachineCycleNo_pw.xml.gz | BA41: Data\dwa\dwa_y_FliesslaengerformBuehler_MachineCycleNo_pw.txt | BB41: Data\ddd\ddd_y_TIMESTAMP_FROM_DWA.xml.gz | BC41: False
A42: or2509-013 | B42: 140 | C42: 140 | D42: 45910 | E42: Buehler any | J42: 0.444 | K42: 2 | L42: 486.1831 | M42: 1.6 | N42: 566.1831 | O42: 679 | P42: 1.25 | Q42: 300 | R42: 500 | S42: 0.08 | T42: 600 | U42: 0.16 | V42: 16 | W42: 20 | X42: 130 | Y42: 180 | Z42: 680 | AA42: 150 | AB42: 130 | AC42: 90 | AD42: 90 | AE42: 160 | AF42: 160 | AG42: 120 | AH42: 60 | AI42: 0.0453 | AJ42: Parametric study | AK42: Air | AL42: F | AM42: 230 AlSi12(Fe) | AN42: 11.31 | AO42: 0.762 | AP42: 0.0351 | AQ42: 0.33 | AR42: 0.024 | AS42: 0.022 | AT42: 0.0131 | AU42: 0.0337 | AV42: 0.0248 | AW42: Data\CavitySensors\Sensordata_single_export | AX42: 250910 | AY42: 45 | AZ42: Data\ddm\ddm_y_FliesslaengerformBuehler_MachineCycleNo_pw.xml.gz | BA42: Data\dwa\dwa_y_FliesslaengerformBuehler_MachineCycleNo_pw.txt | BB42: Data\ddd\ddd_y_TIMESTAMP_FROM_DWA.xml.gz | BC42: False
A43: or2509-014 | B43: 118 | C43: 118 | D43: 45910 | E43: no optimization | F43: 140 | G43: 0.4 | H43: 300 | I43: 0.8 | K43: 2.5 | L43: 486.1831 | M43: 2 | N43: 526.1831 | O43: 679 | P43: 0.75 | Q43: 200 | R43: 200 | S43: 0.05 | T43: 300 | U43: 0.11 | V43: 8 | W43: 200 | X43: 130 | Y43: 180 | Z43: 680 | AA43: 150 | AB43: 130 | AC43: 90 | AD43: 90 | AE43: 160 | AF43: 160 | AG43: 120 | AH43: 60 | AI43: 0.0453 | AJ43: Parametric study | AK43: Air | AL43: F | AM43: 230 AlSi12(Fe) | AN43: 11.31 | AO43: 0.762 | AP43: 0.0351 | AQ43: 0.33 | AR43: 0.024 | AS43: 0.022 | AT43: 0.0131 | AU43: 0.0337 | AV43: 0.0248 | AW43: Data\CavitySensors\Sensordata_single_export | AX43: 250910 | AY43: 23 | AZ43: Data\ddm\ddm_y_FliesslaengerformBuehler_MachineCycleNo_pw.xml.gz | BA43: Data\dwa\dwa_y_FliesslaengerformBuehler_MachineCycleNo_pw.txt | BB43: Data\ddd\ddd_y_TIMESTAMP_FROM_DWA.xml.gz | BC43: False
A44: or2509-014 | B44: 119 | C44: 119 | D44: 45910 | E44: no optimization | F44: 140 | G44: 0.4 | H44: 300 | I44: 0.8 | K44: 2.5 | L44: 486.1831 | M44: 2 | N44: 526.1831 | O44: 679 | P44: 0.75 | Q44: 200 | R44: 200 | S44: 0.05 | T44: 300 | U44: 0.11 | V44: 8 | W44: 200 | X44: 130 | Y44: 180 | Z44: 680 | AA44: 150 | AB44: 130 | AC44: 90 | AD44: 90 | AE44: 160 | AF44: 160 | AG44: 120 | AH44: 60 | AI44: 0.0453 | AJ44: Parametric study | AK44: Air | AL44: F | AM44: 230 AlSi12(Fe) | AN44: 11.31 | AO44: 0.762 | AP44: 0.0351 | AQ44: 0.33 | AR44: 0.024 | AS44: 0.022 | AT44: 0.0131 | AU44: 0.0337 | AV44: 0.0248 | AW44: Data\CavitySensors\Sensordata_single_export | AX44: 250910 | AY44: 24 | AZ44: Data\ddm\ddm_y_FliesslaengerformBuehler_MachineCycleNo_pw.xml.gz | BA44: Data\dwa\dwa_y_FliesslaengerformBuehler_MachineCycleNo_pw.txt | BB44: Data\ddd\ddd_y_TIMESTAMP_FROM_DWA.xml.gz | BC44: False
A45: or2509-014 | B45: 124 | C45: 124 | D45: 45910 | E45: no optimization | F45: 140 | G45: 0.4 | H45: 300 | I45: 0.8 | K45: 2.5 | L45: 486.1831 | M45: 2 | N45: 526.1831 | O45: 679 | P45: 0.75 | Q45: 200 | R45: 200 | S45: 0.05 | T45: 300 | U45: 0.11 | V45: 8 | W45: 200 | X45: 130 | Y45: 180 | Z45: 680 | AA45: 150 | AB45: 130 | AC45: 90 | AD45: 90 | AE45: 160 | AF45: 160 | AG45: 120 | AH45: 60 | AI45: 0.0453 | AJ45: Parametric study | AK45: Air | AL45: F | AM45: 230 AlSi12(Fe) | AN45: 11.31 | AO45: 0.762 | AP45: 0.0351 | AQ45: 0.33 | AR45: 0.024 | AS45: 0.022 | AT45: 0.0131 | AU45: 0.0337 | AV45: 0.0248 | AW45: Data\CavitySensors\Sensordata_single_export | AX45: 250910 | AY45: 29 | AZ45: Data\ddm\ddm_y_FliesslaengerformBuehler_MachineCycleNo_pw.xml.gz | BA45: Data\dwa\dwa_y_FliesslaengerformBuehler_MachineCycleNo_pw.txt | BB45: Data\ddd\ddd_y_TIMESTAMP_FROM_DWA.xml.gz | BC45: False
A46: or2509-015 | B46: 130 | C46: 130 | D46: 45910 | E46: no optimization | F46: 120 | G46: 0.4 | H46: 280 | I46: 0.9 | K46: 4 | L46: 526.1831 | M46: 2.1 | N46: 586.1831 | O46: 709 | P46: 1 | Q46: 200 | R46: 200 | S46: 0.05 | T46: 400 | U46: 0.13 | V46: 4 | W46: 50 | X46: 130 | Y46: 180 | Z46: 680 | AA46: 150 | AB46: 130 | AC46: 90 | AD46: 90 | AE46: 160 | AF46: 160 | AG46: 120 | AH46: 60 | AI46: 0.0453 | AJ46: Parametric study | AK46: Air | AL46: F | AM46: 230 AlSi12(Fe) | AN46: 11.31 | AO46: 0.762 | AP46: 0.0351 | AQ46: 0.33 | AR46: 0.024 | AS46: 0.022 | AT46: 0.0131 | AU46: 0.0337 | AV46: 0.0248 | AW46: Data\CavitySensors\Sensordata_single_export | AX46: 250910 | AY46: 35 | AZ46: Data\ddm\ddm_y_FliesslaengerformBuehler_MachineCycleNo_pw.xml.gz | BA46: Data\dwa\dwa_y_FliesslaengerformBuehler_MachineCycleNo_pw.txt | BB46: Data\ddd\ddd_y_TIMESTAMP_FROM_DWA.xml.gz | BC46: False
A47: or2509-015 | B47: 131 | C47: 131 | D47: 45910 | E47: no optimization | F47: 120 | G47: 0.4 | H47: 280 | I47: 0.9 | K47: 4 | L47: 526.1831 | M47: 2.1 | N47: 586.1831 | O47: 709 | P47: 1 | Q47: 200 | R47: 200 | S47: 0.05 | T47: 400 | U47: 0.13 | V47: 4 | W47: 50 | X47: 130 | Y47: 180 | Z47: 680 | AA47: 150 | AB47: 130 | AC47: 90 | AD47: 90 | AE47: 160 | AF47: 160 | AG47: 120 | AH47: 60 | AI47: 0.0453 | AJ47: Parametric study | AK47: Air | AL47: F | AM47: 230 AlSi12(Fe) | AN47: 11.31 | AO47: 0.762 | AP47: 0.0351 | AQ47: 0.33 | AR47: 0.024 | AS47: 0.022 | AT47: 0.0131 | AU47: 0.0337 | AV47: 0.0248 | AW47: Data\CavitySensors\Sensordata_single_export | AX47: 250910 | AY47: 36 | AZ47: Data\ddm\ddm_y_FliesslaengerformBuehler_MachineCycleNo_pw.xml.gz | BA47: Data\dwa\dwa_y_FliesslaengerformBuehler_MachineCycleNo_pw.txt | BB47: Data\ddd\ddd_y_TIMESTAMP_FROM_DWA.xml.gz | BC47: False
A48: or2509-015 | B48: 132 | C48: 132 | D48: 45910 | E48: no optimization | F48: 120 | G48: 0.4 | H48: 280 | I48: 0.9 | K48: 4 | L48: 526.1831 | M48: 2.1 | N48: 586.1831 | O48: 709 | P48: 1 | Q48: 200 | R48: 200 | S48: 0.05 | T48: 400 | U48: 0.13 | V48: 4 | W48: 50 | X48: 130 | Y48: 180 | Z48: 680 | AA48: 150 | AB48: 130 | AC48: 90 | AD48: 90 | AE48: 160 | AF48: 160 | AG48: 120 | AH48: 60 | AI48: 0.0453 | AJ48: Parametric study | AK48: Air | AL48: F | AM48: 230 AlSi12(Fe) | AN48: 11.31 | AO48: 0.762 | AP48: 0.0351 | AQ48: 0.33 | AR48: 0.024 | AS48: 0.022 | AT48: 0.0131 | AU48: 0.0337 | AV48: 0.0248 | AW48: Data\CavitySensors\Sensordata_single_export | AX48: 250910 | AY48: 37 | AZ48: Data\ddm\ddm_y_FliesslaengerformBuehler_MachineCycleNo_pw.xml.gz | BA48: Data\dwa\dwa_y_FliesslaengerformBuehler_MachineCycleNo_pw.txt | BB48: Data\ddd\ddd_y_TIMESTAMP_FROM_DWA.xml.gz | BC48: False
A49: or2509-016 | B49: 146 | C49: 146 | D49: 45910 | E49: Buehler any | J49: 0.444 | K49: 3.5 | L49: 526.1831 | M49: 0.8 | N49: 606.1831 | O49: 689 | P49: 1 | Q49: 400 | R49: 400 | S49: 0.1 | T49: 500 | U49: 0.12 | V49: 16 | W49: 1000 | X49: 190 | Y49: 180 | Z49: 720 | AA49: 210 | AB49: 190 | AC49: 150 | AD49: 150 | AE49: 160 | AF49: 160 | AG49: 120 | AH49: 60 | AI49: 0.0453 | AJ49: Parametric study | AK49: Air | AL49: F | AM49: 230 AlSi12(Fe) | AN49: 11.31 | AO49: 0.762 | AP49: 0.0351 | AQ49: 0.33 | AR49: 0.024 | AS49: 0.022 | AT49: 0.0131 | AU49: 0.0337 | AV49: 0.0248 | AW49: Data\CavitySensors\Sensordata_single_export | AX49: 250910 | AY49: 51 | AZ49: Data\ddm\ddm_y_FliesslaengerformBuehler_MachineCycleNo_pw.xml.gz | BA49: Data\dwa\dwa_y_FliesslaengerformBuehler_MachineCycleNo_pw.txt | BB49: Data\ddd\ddd_y_TIMESTAMP_FROM_DWA.xml.gz | BC49: False
A50: or2509-016 | B50: 147 | C50: 147 | D50: 45910 | E50: Buehler any | J50: 0.444 | K50: 3.5 | L50: 526.1831 | M50: 0.8 | N50: 606.1831 | O50: 689 | P50: 1 | Q50: 400 | R50: 400 | S50: 0.1 | T50: 500 | U50: 0.12 | V50: 16 | W50: 1000 | X50: 190 | Y50: 180 | Z50: 720 | AA50: 210 | AB50: 190 | AC50: 150 | AD50: 150 | AE50: 160 | AF50: 160 | AG50: 120 | AH50: 60 | AI50: 0.0453 | AJ50: Parametric study | AK50: Air | AL50: F | AM50: 230 AlSi12(Fe) | AN50: 11.31 | AO50: 0.762 | AP50: 0.0351 | AQ50: 0.33 | AR50: 0.024 | AS50: 0.022 | AT50: 0.0131 | AU50: 0.0337 | AV50: 0.0248 | AW50: Data\CavitySensors\Sensordata_single_export | AX50: 250910 | AY50: 52 | AZ50: Data\ddm\ddm_y_FliesslaengerformBuehler_MachineCycleNo_pw.xml.gz | BA50: Data\dwa\dwa_y_FliesslaengerformBuehler_MachineCycleNo_pw.txt | BB50: Data\ddd\ddd_y_TIMESTAMP_FROM_DWA.xml.gz | BC50: False
A51: or2509-016 | B51: 148 | C51: 148 | D51: 45910 | E51: Buehler any | J51: 0.444 | K51: 3.5 | L51: 526.1831 | M51: 0.8 | N51: 606.1831 | O51: 689 | P51: 1 | Q51: 400 | R51: 400 | S51: 0.1 | T51: 500 | U51: 0.12 | V51: 16 | W51: 1000 | X51: 190 | Y51: 180 | Z51: 720 | AA51: 210 | AB51: 190 | AC51: 150 | AD51: 150 | AE51: 160 | AF51: 160 | AG51: 120 | AH51: 60 | AI51: 0.0453 | AJ51: Parametric study | AK51: Air | AL51: F | AM51: 230 AlSi12(Fe) | AN51: 11.31 | AO51: 0.762 | AP51: 0.0351 | AQ51: 0.33 | AR51: 0.024 | AS51: 0.022 | AT51: 0.0131 | AU51: 0.0337 | AV51: 0.0248 | AW51: Data\CavitySensors\Sensordata_single_export | AX51: 250910 | AY51: 53 | AZ51: Data\ddm\ddm_y_FliesslaengerformBuehler_MachineCycleNo_pw.xml.gz | BA51: Data\dwa\dwa_y_FliesslaengerformBuehler_MachineCycleNo_pw.txt | BB51: Data\ddd\ddd_y_TIMESTAMP_FROM_DWA.xml.gz | BC51: False
A52: or2509-017 | B52: 151 | C52: 151 | D52: 45910 | E52: Buehler any | J52: 0.61 | K52: 2.5 | L52: 566.1831 | M52: 1 | N52: 666.1831 | O52: 689 | P52: 1.5 | Q52: 300 | R52: 500 | S52: 0.04 | T52: 600 | U52: 0.14 | V52: 4 | W52: 10 | X52: 190 | Y52: 180 | Z52: 720 | AA52: 210 | AB52: 190 | AC52: 150 | AD52: 150 | AE52: 160 | AF52: 160 | AG52: 120 | AH52: 60 | AI52: 0.0453 | AJ52: Parametric study | AK52: Air | AL52: F | AM52: 230 AlSi12(Fe) | AN52: 11.31 | AO52: 0.762 | AP52: 0.0351 | AQ52: 0.33 | AR52: 0.024 | AS52: 0.022 | AT52: 0.0131 | AU52: 0.0337 | AV52: 0.0248 | AW52: Data\CavitySensors\Sensordata_single_export | AX52: 250910 | AY52: 56 | AZ52: Data\ddm\ddm_y_FliesslaengerformBuehler_MachineCycleNo_pw.xml.gz | BA52: Data\dwa\dwa_y_FliesslaengerformBuehler_MachineCycleNo_pw.txt | BB52: Data\ddd\ddd_y_TIMESTAMP_FROM_DWA.xml.gz | BC52: False
A53: or2509-017 | B53: 152 | C53: 152 | D53: 45910 | E53: Buehler any | J53: 0.61 | K53: 2.5 | L53: 566.1831 | M53: 1 | N53: 666.1831 | O53: 689 | P53: 1.5 | Q53: 300 | R53: 500 | S53: 0.04 | T53: 600 | U53: 0.14 | V53: 4 | W53: 10 | X53: 190 | Y53: 180 | Z53: 720 | AA53: 210 | AB53: 190 | AC53: 150 | AD53: 150 | AE53: 160 | AF53: 160 | AG53: 120 | AH53: 60 | AI53: 0.0453 | AJ53: Parametric study | AK53: Air | AL53: F | AM53: 230 AlSi12(Fe) | AN53: 11.31 | AO53: 0.762 | AP53: 0.0351 | AQ53: 0.33 | AR53: 0.024 | AS53: 0.022 | AT53: 0.0131 | AU53: 0.0337 | AV53: 0.0248 | AW53: Data\CavitySensors\Sensordata_single_export | AX53: 250910 | AY53: 57 | AZ53: Data\ddm\ddm_y_FliesslaengerformBuehler_MachineCycleNo_pw.xml.gz | BA53: Data\dwa\dwa_y_FliesslaengerformBuehler_MachineCycleNo_pw.txt | BB53: Data\ddd\ddd_y_TIMESTAMP_FROM_DWA.xml.gz | BC53: False
A54: or2509-017 | B54: 153 | C54: 153 | D54: 45910 | E54: Buehler any | J54: 0.61 | K54: 2.5 | L54: 566.1831 | M54: 1 | N54: 666.1831 | O54: 689 | P54: 1.5 | Q54: 300 | R54: 500 | S54: 0.04 | T54: 600 | U54: 0.14 | V54: 4 | W54: 10 | X54: 190 | Y54: 180 | Z54: 720 | AA54: 210 | AB54: 190 | AC54: 150 | AD54: 150 | AE54: 160 | AF54: 160 | AG54: 120 | AH54: 60 | AI54: 0.0453 | AJ54: Parametric study | AK54: Air | AL54: F | AM54: 230 AlSi12(Fe) | AN54: 11.31 | AO54: 0.762 | AP54: 0.0351 | AQ54: 0.33 | AR54: 0.024 | AS54: 0.022 | AT54: 0.0131 | AU54: 0.0337 | AV54: 0.0248 | AW54: Data\CavitySensors\Sensordata_single_export | AX54: 250910 | AY54: 58 | AZ54: Data\ddm\ddm_y_FliesslaengerformBuehler_MachineCycleNo_pw.xml.gz | BA54: Data\dwa\dwa_y_FliesslaengerformBuehler_MachineCycleNo_pw.txt | BB54: Data\ddd\ddd_y_TIMESTAMP_FROM_DWA.xml.gz | BC54: False
A55: or2509-018 | B55: 158 | C55: 158 | D55: 45910 | E55: Buehler any | J55: 0.61 | K55: 4 | L55: 566.1831 | M55: 4 | N55: 666.1831 | O55: 709 | P55: 1.5 | Q55: 300 | R55: 400 | S55: 0.03 | T55: 600 | U55: 0.11 | V55: 8 | W55: 500 | X55: 190 | Y55: 180 | Z55: 720 | AA55: 210 | AB55: 190 | AC55: 150 | AD55: 150 | AE55: 160 | AF55: 160 | AG55: 120 | AH55: 60 | AI55: 0.0453 | AJ55: Parametric study | AK55: Air | AL55: F | AM55: 230 AlSi12(Fe) | AN55: 11.31 | AO55: 0.762 | AP55: 0.0351 | AQ55: 0.33 | AR55: 0.024 | AS55: 0.022 | AT55: 0.0131 | AU55: 0.0337 | AV55: 0.0248 | AW55: Data\CavitySensors\Sensordata_single_export | AX55: 250910 | AY55: 63 | AZ55: Data\ddm\ddm_y_FliesslaengerformBuehler_MachineCycleNo_pw.xml.gz | BA55: Data\dwa\dwa_y_FliesslaengerformBuehler_MachineCycleNo_pw.txt | BB55: Data\ddd\ddd_y_TIMESTAMP_FROM_DWA.xml.gz | BC55: False
A56: or2509-018 | B56: 159 | C56: 159 | D56: 45910 | E56: Buehler any | J56: 0.61 | K56: 4 | L56: 566.1831 | M56: 4 | N56: 666.1831 | O56: 709 | P56: 1.5 | Q56: 300 | R56: 400 | S56: 0.03 | T56: 600 | U56: 0.11 | V56: 8 | W56: 500 | X56: 190 | Y56: 180 | Z56: 720 | AA56: 210 | AB56: 190 | AC56: 150 | AD56: 150 | AE56: 160 | AF56: 160 | AG56: 120 | AH56: 60 | AI56: 0.0453 | AJ56: Parametric study | AK56: Air | AL56: F | AM56: 230 AlSi12(Fe) | AN56: 11.31 | AO56: 0.762 | AP56: 0.0351 | AQ56: 0.33 | AR56: 0.024 | AS56: 0.022 | AT56: 0.0131 | AU56: 0.0337 | AV56: 0.0248 | AW56: Data\CavitySensors\Sensordata_single_export | AX56: 250910 | AY56: 64 | AZ56: Data\ddm\ddm_y_FliesslaengerformBuehler_MachineCycleNo_pw.xml.gz | BA56: Data\dwa\dwa_y_FliesslaengerformBuehler_MachineCycleNo_pw.txt | BB56: Data\ddd\ddd_y_TIMESTAMP_FROM_DWA.xml.gz | BC56: False
A57: or2509-018 | B57: 160 | C57: 160 | D57: 45910 | E57: Buehler any | J57: 0.61 | K57: 4 | L57: 566.1831 | M57: 4 | N57: 666.1831 | O57: 709 | P57: 1.5 | Q57: 300 | R57: 400 | S57: 0.03 | T57: 600 | U57: 0.11 | V57: 8 | W57: 500 | X57: 190 | Y57: 180 | Z57: 720 | AA57: 210 | AB57: 190 | AC57: 150 | AD57: 150 | AE57: 160 | AF57: 160 | AG57: 120 | AH57: 60 | AI57: 0.0453 | AJ57: Parametric study | AK57: Air | AL57: F | AM57: 230 AlSi12(Fe) | AN57: 11.31 | AO57: 0.762 | AP57: 0.0351 | AQ57: 0.33 | AR57: 0.024 | AS57: 0.022 | AT57: 0.0131 | AU57: 0.0337 | AV57: 0.0248 | AW57: Data\CavitySensors\Sensordata_single_export | AX57: 250910 | AY57: 65 | AZ57: Data\ddm\ddm_y_FliesslaengerformBuehler_MachineCycleNo_pw.xml.gz | BA57: Data\dwa\dwa_y_FliesslaengerformBuehler_MachineCycleNo_pw.txt | BB57: Data\ddd\ddd_y_TIMESTAMP_FROM_DWA.xml.gz | BC57: False
A58: or2509-019 | B58: 163 | C58: 163 | D58: 45910 | E58: Buehler any | J58: 0.2537 | K58: 3.5 | L58: 586.1831 | M58: 1.3 | N58: 626.1831 | O58: 699 | P58: 1.5 | Q58: 300 | R58: 500 | S58: 0.07 | T58: 700 | U58: 0.09 | V58: 2 | W58: 20 | X58: 190 | Y58: 180 | Z58: 720 | AA58: 210 | AB58: 190 | AC58: 150 | AD58: 150 | AE58: 160 | AF58: 160 | AG58: 120 | AH58: 60 | AI58: 0.0453 | AJ58: Parametric study | AK58: Air | AL58: F | AM58: 230 AlSi12(Fe) | AN58: 11.31 | AO58: 0.762 | AP58: 0.0351 | AQ58: 0.33 | AR58: 0.024 | AS58: 0.022 | AT58: 0.0131 | AU58: 0.0337 | AV58: 0.0248 | AW58: Data\CavitySensors\Sensordata_single_export | AX58: 250910 | AY58: 68 | AZ58: Data\ddm\ddm_y_FliesslaengerformBuehler_MachineCycleNo_pw.xml.gz | BA58: Data\dwa\dwa_y_FliesslaengerformBuehler_MachineCycleNo_pw.txt | BB58: Data\ddd\ddd_y_TIMESTAMP_FROM_DWA.xml.gz | BC58: False
A59: or2509-019 | B59: 164 | C59: 164 | D59: 45910 | E59: Buehler any | J59: 0.2537 | K59: 3.5 | L59: 586.1831 | M59: 1.3 | N59: 626.1831 | O59: 699 | P59: 1.5 | Q59: 300 | R59: 500 | S59: 0.07 | T59: 700 | U59: 0.09 | V59: 2 | W59: 20 | X59: 190 | Y59: 180 | Z59: 720 | AA59: 210 | AB59: 190 | AC59: 150 | AD59: 150 | AE59: 160 | AF59: 160 | AG59: 120 | AH59: 60 | AI59: 0.0453 | AJ59: Parametric study | AK59: Air | AL59: F | AM59: 230 AlSi12(Fe) | AN59: 11.31 | AO59: 0.762 | AP59: 0.0351 | AQ59: 0.33 | AR59: 0.024 | AS59: 0.022 | AT59: 0.0131 | AU59: 0.0337 | AV59: 0.0248 | AW59: Data\CavitySensors\Sensordata_single_export | AX59: 250910 | AY59: 69 | AZ59: Data\ddm\ddm_y_FliesslaengerformBuehler_MachineCycleNo_pw.xml.gz | BA59: Data\dwa\dwa_y_FliesslaengerformBuehler_MachineCycleNo_pw.txt | BB59: Data\ddd\ddd_y_TIMESTAMP_FROM_DWA.xml.gz | BC59: False
A60: or2509-019 | B60: 165 | C60: 165 | D60: 45910 | E60: Buehler any | J60: 0.2537 | K60: 3.5 | L60: 586.1831 | M60: 1.3 | N60: 626.1831 | O60: 699 | P60: 1.5 | Q60: 300 | R60: 500 | S60: 0.07 | T60: 700 | U60: 0.09 | V60: 2 | W60: 20 | X60: 190 | Y60: 180 | Z60: 720 | AA60: 210 | AB60: 190 | AC60: 150 | AD60: 150 | AE60: 160 | AF60: 160 | AG60: 120 | AH60: 60 | AI60: 0.0453 | AJ60: Parametric study | AK60: Air | AL60: F | AM60: 230 AlSi12(Fe) | AN60: 11.31 | AO60: 0.762 | AP60: 0.0351 | AQ60: 0.33 | AR60: 0.024 | AS60: 0.022 | AT60: 0.0131 | AU60: 0.0337 | AV60: 0.0248 | AW60: Data\CavitySensors\Sensordata_single_export | AX60: 250910 | AY60: 70 | AZ60: Data\ddm\ddm_y_FliesslaengerformBuehler_MachineCycleNo_pw.xml.gz | BA60: Data\dwa\dwa_y_FliesslaengerformBuehler_MachineCycleNo_pw.txt | BB60: Data\ddd\ddd_y_TIMESTAMP_FROM_DWA.xml.gz | BC60: False
A61: or2509-020 | B61: 168 | C61: 168 | D61: 45910 | E61: no optimization | F61: 180 | G61: 0.4 | H61: 440 | I61: 1.1 | K61: 3.5 | L61: 586.1831 | M61: 2.8 | N61: 646.1831 | O61: 699 | P61: 0.5 | Q61: 400 | R61: 400 | S61: 0.06 | T61: 600 | U61: 0.08 | V61: 8 | W61: 500 | X61: 190 | Y61: 180 | Z61: 720 | AA61: 210 | AB61: 190 | AC61: 150 | AD61: 150 | AE61: 160 | AF61: 160 | AG61: 120 | AH61: 60 | AI61: 0.0453 | AJ61: Parametric study | AK61: Air | AL61: F | AM61: 230 AlSi12(Fe) | AN61: 11.31 | AO61: 0.762 | AP61: 0.0351 | AQ61: 0.33 | AR61: 0.024 | AS61: 0.022 | AT61: 0.0131 | AU61: 0.0337 | AV61: 0.0248 | AW61: Data\CavitySensors\Sensordata_single_export | AX61: 250910 | AY61: 73 | AZ61: Data\ddm\ddm_y_FliesslaengerformBuehler_MachineCycleNo_pw.xml.gz | BA61: Data\dwa\dwa_y_FliesslaengerformBuehler_MachineCycleNo_pw.txt | BB61: Data\ddd\ddd_y_TIMESTAMP_FROM_DWA.xml.gz | BC61: False
A62: or2509-020 | B62: 169 | C62: 169 | D62: 45910 | E62: no optimization | F62: 180 | G62: 0.4 | H62: 440 | I62: 1.1 | K62: 3.5 | L62: 586.1831 | M62: 2.8 | N62: 646.1831 | O62: 699 | P62: 0.5 | Q62: 400 | R62: 400 | S62: 0.06 | T62: 600 | U62: 0.08 | V62: 8 | W62: 500 | X62: 190 | Y62: 180 | Z62: 720 | AA62: 210 | AB62: 190 | AC62: 150 | AD62: 150 | AE62: 160 | AF62: 160 | AG62: 120 | AH62: 60 | AI62: 0.0453 | AJ62: Parametric study | AK62: Air | AL62: F | AM62: 230 AlSi12(Fe) | AN62: 11.31 | AO62: 0.762 | AP62: 0.0351 | AQ62: 0.33 | AR62: 0.024 | AS62: 0.022 | AT62: 0.0131 | AU62: 0.0337 | AV62: 0.0248 | AW62: Data\CavitySensors\Sensordata_single_export | AX62: 250910 | AY62: 74 | AZ62: Data\ddm\ddm_y_FliesslaengerformBuehler_MachineCycleNo_pw.xml.gz | BA62: Data\dwa\dwa_y_FliesslaengerformBuehler_MachineCycleNo_pw.txt | BB62: Data\ddd\ddd_y_TIMESTAMP_FROM_DWA.xml.gz | BC62: False
A63: or2509-020 | B63: 170 | C63: 170 | D63: 45910 | E63: no optimization | F63: 180 | G63: 0.4 | H63: 440 | I63: 1.1 | K63: 3.5 | L63: 586.1831 | M63: 2.8 | N63: 646.1831 | O63: 699 | P63: 0.5 | Q63: 400 | R63: 400 | S63: 0.06 | T63: 600 | U63: 0.08 | V63: 8 | W63: 500 | X63: 190 | Y63: 180 | Z63: 720 | AA63: 210 | AB63: 190 | AC63: 150 | AD63: 150 | AE63: 160 | AF63: 160 | AG63: 120 | AH63: 60 | AI63: 0.0453 | AJ63: Parametric study | AK63: Air | AL63: F | AM63: 230 AlSi12(Fe) | AN63: 11.31 | AO63: 0.762 | AP63: 0.0351 | AQ63: 0.33 | AR63: 0.024 | AS63: 0.022 | AT63: 0.0131 | AU63: 0.0337 | AV63: 0.0248 | AW63: Data\CavitySensors\Sensordata_single_export | AX63: 250910 | AY63: 75 | AZ63: Data\ddm\ddm_y_FliesslaengerformBuehler_MachineCycleNo_pw.xml.gz | BA63: Data\dwa\dwa_y_FliesslaengerformBuehler_MachineCycleNo_pw.txt | BB63: Data\ddd\ddd_y_TIMESTAMP_FROM_DWA.xml.gz | BC63: False
A64: or2509-021 | B64: 179 | C64: 179 | D64: 45911 | E64: Buehler any | J64: 0.3806 | K64: 3.5 | L64: 506.1831 | M64: 2.2 | N64: 566.1831 | O64: 689 | P64: 1.25 | Q64: 200 | R64: 300 | S64: 0.05 | T64: 300 | U64: 0.09 | V64: 8 | W64: 100 | X64: 190 | Y64: 180 | Z64: 680 | AA64: 210 | AB64: 190 | AC64: 150 | AD64: 150 | AE64: 160 | AF64: 160 | AG64: 120 | AH64: 60 | AI64: 0.0755 | AJ64: Parametric study | AK64: Air | AL64: F | AM64: 230 AlSi12(Fe) | AN64: 11.42 | AO64: 0.744 | AP64: 0.0355 | AQ64: 0.315 | AR64: 0.0235 | AS64: 0.0203 | AT64: 0.0134 | AU64: 0.0338 | AV64: 0.0244 | AW64: Data\CavitySensors\Sensordata_single_export | AX64: 250911 | AY64: 7 | AZ64: Data\ddm\ddm_y_FliesslaengerformBuehler_MachineCycleNo_pw.xml.gz | BA64: Data\dwa\dwa_y_FliesslaengerformBuehler_MachineCycleNo_pw.txt | BB64: Data\ddd\ddd_y_TIMESTAMP_FROM_DWA.xml.gz | BC64: False
A65: or2509-021 | B65: 180 | C65: 180 | D65: 45911 | E65: Buehler any | J65: 0.3806 | K65: 3.5 | L65: 506.1831 | M65: 2.2 | N65: 566.1831 | O65: 689 | P65: 1.25 | Q65: 200 | R65: 300 | S65: 0.05 | T65: 300 | U65: 0.09 | V65: 8 | W65: 100 | X65: 190 | Y65: 180 | Z65: 680 | AA65: 210 | AB65: 190 | AC65: 150 | AD65: 150 | AE65: 160 | AF65: 160 | AG65: 120 | AH65: 60 | AI65: 0.0755 | AJ65: Parametric study | AK65: Air | AL65: F | AM65: 230 AlSi12(Fe) | AN65: 11.42 | AO65: 0.744 | AP65: 0.0355 | AQ65: 0.315 | AR65: 0.0235 | AS65: 0.0203 | AT65: 0.0134 | AU65: 0.0338 | AV65: 0.0244 | AW65: Data\CavitySensors\Sensordata_single_export | AX65: 250911 | AY65: 8 | AZ65: Data\ddm\ddm_y_FliesslaengerformBuehler_MachineCycleNo_pw.xml.gz | BA65: Data\dwa\dwa_y_FliesslaengerformBuehler_MachineCycleNo_pw.txt | BB65: Data\ddd\ddd_y_TIMESTAMP_FROM_DWA.xml.gz | BC65: False
A66: or2509-021 | B66: 181 | C66: 181 | D66: 45911 | E66: Buehler any | J66: 0.3806 | K66: 3.5 | L66: 506.1831 | M66: 2.2 | N66: 566.1831 | O66: 689 | P66: 1.25 | Q66: 200 | R66: 300 | S66: 0.05 | T66: 300 | U66: 0.09 | V66: 8 | W66: 100 | X66: 190 | Y66: 180 | Z66: 680 | AA66: 210 | AB66: 190 | AC66: 150 | AD66: 150 | AE66: 160 | AF66: 160 | AG66: 120 | AH66: 60 | AI66: 0.0755 | AJ66: Parametric study | AK66: Air | AL66: F | AM66: 230 AlSi12(Fe) | AN66: 11.42 | AO66: 0.744 | AP66: 0.0355 | AQ66: 0.315 | AR66: 0.0235 | AS66: 0.0203 | AT66: 0.0134 | AU66: 0.0338 | AV66: 0.0244 | AW66: Data\CavitySensors\Sensordata_single_export | AX66: 250911 | AY66: 9 | AZ66: Data\ddm\ddm_y_FliesslaengerformBuehler_MachineCycleNo_pw.xml.gz | BA66: Data\dwa\dwa_y_FliesslaengerformBuehler_MachineCycleNo_pw.txt | BB66: Data\ddd\ddd_y_TIMESTAMP_FROM_DWA.xml.gz | BC66: False
A67: or2509-022 | B67: 184 | C67: 184 | D67: 45911 | E67: Buehler any | J67: 0.38 | K67: 3.5 | L67: 506 | M67: 2.2 | N67: 566 | O67: 689 | P67: 1.25 | Q67: 200 | R67: 300 | S67: 0.05 | T67: 300 | U67: 0.09 | V67: 4 | W67: 200 | X67: 190 | Y67: 180 | Z67: 680 | AA67: 210 | AB67: 190 | AC67: 150 | AD67: 150 | AE67: 160 | AF67: 160 | AG67: 120 | AH67: 60 | AI67: 0.0755 | AJ67: Parametric study | AK67: Air | AL67: F | AM67: 230 AlSi12(Fe) | AN67: 11.42 | AO67: 0.744 | AP67: 0.0355 | AQ67: 0.315 | AR67: 0.0235 | AS67: 0.0203 | AT67: 0.0134 | AU67: 0.0338 | AV67: 0.0244 | AW67: Data\CavitySensors\Sensordata_single_export | AX67: 250911 | AY67: 12 | AZ67: Data\ddm\ddm_y_FliesslaengerformBuehler_MachineCycleNo_pw.xml.gz | BA67: Data\dwa\dwa_y_FliesslaengerformBuehler_MachineCycleNo_pw.txt | BB67: Data\ddd\ddd_y_TIMESTAMP_FROM_DWA.xml.gz | BC67: True
A68: or2509-022 | B68: 185 | C68: 185 | D68: 45911 | E68: Buehler any | J68: 0.38 | K68: 3.5 | L68: 506 | M68: 2.2 | N68: 566 | O68: 689 | P68: 1.25 | Q68: 200 | R68: 300 | S68: 0.05 | T68: 300 | U68: 0.09 | V68: 4 | W68: 200 | X68: 190 | Y68: 180 | Z68: 680 | AA68: 210 | AB68: 190 | AC68: 150 | AD68: 150 | AE68: 160 | AF68: 160 | AG68: 120 | AH68: 60 | AI68: 0.0755 | AJ68: Parametric study | AK68: Air | AL68: F | AM68: 230 AlSi12(Fe) | AN68: 11.42 | AO68: 0.744 | AP68: 0.0355 | AQ68: 0.315 | AR68: 0.0235 | AS68: 0.0203 | AT68: 0.0134 | AU68: 0.0338 | AV68: 0.0244 | AW68: Data\CavitySensors\Sensordata_single_export | AX68: 250911 | AY68: 13 | AZ68: Data\ddm\ddm_y_FliesslaengerformBuehler_MachineCycleNo_pw.xml.gz | BA68: Data\dwa\dwa_y_FliesslaengerformBuehler_MachineCycleNo_pw.txt | BB68: Data\ddd\ddd_y_TIMESTAMP_FROM_DWA.xml.gz | BC68: True
A69: or2509-022 | B69: 186 | C69: lost | D69: 45911 | E69: Buehler any | J69: 0.38 | K69: 3.5 | L69: 506 | M69: 2.2 | N69: 566 | O69: 689 | P69: 1.25 | Q69: 200 | R69: 300 | S69: 0.05 | T69: 300 | U69: 0.09 | V69: 4 | W69: 200 | X69: 190 | Y69: 180 | Z69: 680 | AA69: 210 | AB69: 190 | AC69: 150 | AD69: 150 | AE69: 160 | AF69: 160 | AG69: 120 | AH69: 60 | AI69: 0.0755 | AJ69: Parametric study | AK69: Air | AL69: F | AM69: 230 AlSi12(Fe) | AN69: 11.42 | AO69: 0.744 | AP69: 0.0355 | AQ69: 0.315 | AR69: 0.0235 | AS69: 0.0203 | AT69: 0.0134 | AU69: 0.0338 | AV69: 0.0244 | AW69: Data\CavitySensors\Sensordata_single_export | AX69: 250911 | AY69: 14 | AZ69: Data\ddm\ddm_y_FliesslaengerformBuehler_MachineCycleNo_pw.xml.gz | BA69: Data\dwa\dwa_y_FliesslaengerformBuehler_MachineCycleNo_pw.txt | BB69: Data\ddd\ddd_y_TIMESTAMP_FROM_DWA.xml.gz | BC69: True
A70: or2509-023 | B70: 190 | C70: 190 | D70: 45911 | E70: no optimization | F70: 300 | G70: 0.1 | H70: 580 | I70: 0.2 | K70: 2 | L70: 586.1831 | M70: 1.1 | N70: 686.1831 | O70: 699 | P70: 0.5 | Q70: 300 | R70: 400 | S70: 0.06 | T70: 600 | U70: 0.08 | V70: 4 | W70: 200 | X70: 190 | Y70: 180 | Z70: 680 | AA70: 210 | AB70: 190 | AC70: 150 | AD70: 150 | AE70: 160 | AF70: 160 | AG70: 120 | AH70: 60 | AI70: 0.0755 | AJ70: Parametric study | AK70: Air | AL70: F | AM70: 230 AlSi12(Fe) | AN70: 11.42 | AO70: 0.744 | AP70: 0.0355 | AQ70: 0.315 | AR70: 0.0235 | AS70: 0.0203 | AT70: 0.0134 | AU70: 0.0338 | AV70: 0.0244 | AW70: Data\CavitySensors\Sensordata_single_export | AX70: 250911 | AY70: 18 | AZ70: Data\ddm\ddm_y_FliesslaengerformBuehler_MachineCycleNo_pw.xml.gz | BA70: Data\dwa\dwa_y_FliesslaengerformBuehler_MachineCycleNo_pw.txt | BB70: Data\ddd\ddd_y_TIMESTAMP_FROM_DWA.xml.gz | BC70: False
A71: or2509-023 | B71: 191 | C71: 191 | D71: 45911 | E71: no optimization | F71: 300 | G71: 0.1 | H71: 580 | I71: 0.2 | K71: 2 | L71: 586.1831 | M71: 1.1 | N71: 686.1831 | O71: 699 | P71: 0.5 | Q71: 300 | R71: 400 | S71: 0.06 | T71: 600 | U71: 0.08 | V71: 4 | W71: 200 | X71: 190 | Y71: 180 | Z71: 680 | AA71: 210 | AB71: 190 | AC71: 150 | AD71: 150 | AE71: 160 | AF71: 160 | AG71: 120 | AH71: 60 | AI71: 0.0755 | AJ71: Parametric study | AK71: Air | AL71: F | AM71: 230 AlSi12(Fe) | AN71: 11.42 | AO71: 0.744 | AP71: 0.0355 | AQ71: 0.315 | AR71: 0.0235 | AS71: 0.0203 | AT71: 0.0134 | AU71: 0.0338 | AV71: 0.0244 | AW71: Data\CavitySensors\Sensordata_single_export | AX71: 250911 | AY71: 19 | AZ71: Data\ddm\ddm_y_FliesslaengerformBuehler_MachineCycleNo_pw.xml.gz | BA71: Data\dwa\dwa_y_FliesslaengerformBuehler_MachineCycleNo_pw.txt | BB71: Data\ddd\ddd_y_TIMESTAMP_FROM_DWA.xml.gz | BC71: False
A72: or2509-023 | B72: 192 | C72: 192 | D72: 45911 | E72: no optimization | F72: 300 | G72: 0.1 | H72: 580 | I72: 0.2 | K72: 2 | L72: 586.1831 | M72: 1.1 | N72: 686.1831 | O72: 699 | P72: 0.5 | Q72: 300 | R72: 400 | S72: 0.06 | T72: 600 | U72: 0.08 | V72: 4 | W72: 200 | X72: 190 | Y72: 180 | Z72: 680 | AA72: 210 | AB72: 190 | AC72: 150 | AD72: 150 | AE72: 160 | AF72: 160 | AG72: 120 | AH72: 60 | AI72: 0.0755 | AJ72: Parametric study | AK72: Air | AL72: F | AM72: 230 AlSi12(Fe) | AN72: 11.42 | AO72: 0.744 | AP72: 0.0355 | AQ72: 0.315 | AR72: 0.0235 | AS72: 0.0203 | AT72: 0.0134 | AU72: 0.0338 | AV72: 0.0244 | AW72: Data\CavitySensors\Sensordata_single_export | AX72: 250911 | AY72: 20 | AZ72: Data\ddm\ddm_y_FliesslaengerformBuehler_MachineCycleNo_pw.xml.gz | BA72: Data\dwa\dwa_y_FliesslaengerformBuehler_MachineCycleNo_pw.txt | BB72: Data\ddd\ddd_y_TIMESTAMP_FROM_DWA.xml.gz | BC72: False
A73: or2509-024 | B73: 196 | C73: 196 | D73: 45911 | E73: no optimization | F73: 100 | G73: 0.5 | H73: 320 | I73: 1.5 | K73: 3.5 | L73: 586.1831 | M73: 1.7 | N73: 646.1831 | O73: 689 | P73: 1 | Q73: 300 | R73: 500 | S73: 0.04 | T73: 700 | U73: 0.06 | V73: 8 | W73: 200 | X73: 190 | Y73: 180 | Z73: 680 | AA73: 210 | AB73: 190 | AC73: 150 | AD73: 150 | AE73: 160 | AF73: 160 | AG73: 120 | AH73: 60 | AI73: 0.0755 | AJ73: Parametric study | AK73: Air | AL73: F | AM73: 230 AlSi12(Fe) | AN73: 11.42 | AO73: 0.744 | AP73: 0.0355 | AQ73: 0.315 | AR73: 0.0235 | AS73: 0.0203 | AT73: 0.0134 | AU73: 0.0338 | AV73: 0.0244 | AW73: Data\CavitySensors\Sensordata_single_export | AX73: 250911 | AY73: 24 | AZ73: Data\ddm\ddm_y_FliesslaengerformBuehler_MachineCycleNo_pw.xml.gz | BA73: Data\dwa\dwa_y_FliesslaengerformBuehler_MachineCycleNo_pw.txt | BB73: Data\ddd\ddd_y_TIMESTAMP_FROM_DWA.xml.gz | BC73: False
A74: or2509-024 | B74: 197 | C74: lost | D74: 45911 | E74: no optimization | F74: 100 | G74: 0.5 | H74: 320 | I74: 1.5 | K74: 3.5 | L74: 586.1831 | M74: 1.7 | N74: 646.1831 | O74: 689 | P74: 1 | Q74: 300 | R74: 500 | S74: 0.04 | T74: 700 | U74: 0.06 | V74: 8 | W74: 200 | X74: 190 | Y74: 180 | Z74: 680 | AA74: 210 | AB74: 190 | AC74: 150 | AD74: 150 | AE74: 160 | AF74: 160 | AG74: 120 | AH74: 60 | AI74: 0.0755 | AJ74: Parametric study | AK74: Air | AL74: F | AM74: 230 AlSi12(Fe) | AN74: 11.42 | AO74: 0.744 | AP74: 0.0355 | AQ74: 0.315 | AR74: 0.0235 | AS74: 0.0203 | AT74: 0.0134 | AU74: 0.0338 | AV74: 0.0244 | AW74: Data\CavitySensors\Sensordata_single_export | AX74: 250911 | AY74: 25 | AZ74: Data\ddm\ddm_y_FliesslaengerformBuehler_MachineCycleNo_pw.xml.gz | BA74: Data\dwa\dwa_y_FliesslaengerformBuehler_MachineCycleNo_pw.txt | BB74: Data\ddd\ddd_y_TIMESTAMP_FROM_DWA.xml.gz | BC74: False
A75: or2509-024 | B75: 198 | C75: 198 | D75: 45911 | E75: no optimization | F75: 100 | G75: 0.5 | H75: 320 | I75: 1.5 | K75: 3.5 | L75: 586.1831 | M75: 1.7 | N75: 646.1831 | O75: 689 | P75: 1 | Q75: 300 | R75: 500 | S75: 0.04 | T75: 700 | U75: 0.06 | V75: 8 | W75: 200 | X75: 190 | Y75: 180 | Z75: 680 | AA75: 210 | AB75: 190 | AC75: 150 | AD75: 150 | AE75: 160 | AF75: 160 | AG75: 120 | AH75: 60 | AI75: 0.0755 | AJ75: Parametric study | AK75: Air | AL75: F | AM75: 230 AlSi12(Fe) | AN75: 11.42 | AO75: 0.744 | AP75: 0.0355 | AQ75: 0.315 | AR75: 0.0235 | AS75: 0.0203 | AT75: 0.0134 | AU75: 0.0338 | AV75: 0.0244 | AW75: Data\CavitySensors\Sensordata_single_export | AX75: 250911 | AY75: 26 | AZ75: Data\ddm\ddm_y_FliesslaengerformBuehler_MachineCycleNo_pw.xml.gz | BA75: Data\dwa\dwa_y_FliesslaengerformBuehler_MachineCycleNo_pw.txt | BB75: Data\ddd\ddd_y_TIMESTAMP_FROM_DWA.xml.gz | BC75: False
A76: or2509-025 | B76: 206 | C76: 206 | D76: 45911 | E76: Buehler any | J76: 0.444 | K76: 3.5 | L76: 566.1831 | M76: 2.2 | N76: 626.1831 | O76: 709 | P76: 1.5 | Q76: 200 | R76: 300 | S76: 0.1 | T76: 300 | U76: 0.18 | V76: 16 | W76: 200 | X76: 190 | Y76: 180 | Z76: 700 | AA76: 210 | AB76: 190 | AC76: 150 | AD76: 150 | AE76: 160 | AF76: 160 | AG76: 120 | AH76: 60 | AI76: 0.0755 | AJ76: Parametric study | AK76: Air | AL76: F | AM76: 230 AlSi12(Fe) | AN76: 11.42 | AO76: 0.744 | AP76: 0.0355 | AQ76: 0.315 | AR76: 0.0235 | AS76: 0.0203 | AT76: 0.0134 | AU76: 0.0338 | AV76: 0.0244 | AW76: Data\CavitySensors\Sensordata_single_export | AX76: 250911 | AY76: 34 | AZ76: Data\ddm\ddm_y_FliesslaengerformBuehler_MachineCycleNo_pw.xml.gz | BA76: Data\dwa\dwa_y_FliesslaengerformBuehler_MachineCycleNo_pw.txt | BB76: Data\ddd\ddd_y_TIMESTAMP_FROM_DWA.xml.gz | BC76: False
A77: or2509-025 | B77: 208 | C77: 208 | D77: 45911 | E77: Buehler any | J77: 0.444 | K77: 3.5 | L77: 566.1831 | M77: 2.2 | N77: 626.1831 | O77: 709 | P77: 1.5 | Q77: 200 | R77: 300 | S77: 0.1 | T77: 300 | U77: 0.18 | V77: 16 | W77: 200 | X77: 190 | Y77: 180 | Z77: 700 | AA77: 210 | AB77: 190 | AC77: 150 | AD77: 150 | AE77: 160 | AF77: 160 | AG77: 120 | AH77: 60 | AI77: 0.0755 | AJ77: Parametric study | AK77: Air | AL77: F | AM77: 230 AlSi12(Fe) | AN77: 11.42 | AO77: 0.744 | AP77: 0.0355 | AQ77: 0.315 | AR77: 0.0235 | AS77: 0.0203 | AT77: 0.0134 | AU77: 0.0338 | AV77: 0.0244 | AW77: Data\CavitySensors\Sensordata_single_export | AX77: 250911 | AY77: 36 | AZ77: Data\ddm\ddm_y_FliesslaengerformBuehler_MachineCycleNo_pw.xml.gz | BA77: Data\dwa\dwa_y_FliesslaengerformBuehler_MachineCycleNo_pw.txt | BB77: Data\ddd\ddd_y_TIMESTAMP_FROM_DWA.xml.gz | BC77: False
A78: or2509-025 | B78: 209 | C78: 209 | D78: 45911 | E78: Buehler any | J78: 0.444 | K78: 3.5 | L78: 566.1831 | M78: 2.2 | N78: 626.1831 | O78: 709 | P78: 1.5 | Q78: 200 | R78: 300 | S78: 0.1 | T78: 300 | U78: 0.18 | V78: 16 | W78: 200 | X78: 190 | Y78: 180 | Z78: 700 | AA78: 210 | AB78: 190 | AC78: 150 | AD78: 150 | AE78: 160 | AF78: 160 | AG78: 120 | AH78: 60 | AI78: 0.0755 | AJ78: Parametric study | AK78: Air | AL78: F | AM78: 230 AlSi12(Fe) | AN78: 11.42 | AO78: 0.744 | AP78: 0.0355 | AQ78: 0.315 | AR78: 0.0235 | AS78: 0.0203 | AT78: 0.0134 | AU78: 0.0338 | AV78: 0.0244 | AW78: Data\CavitySensors\Sensordata_single_export | AX78: 250911 | AY78: 37 | AZ78: Data\ddm\ddm_y_FliesslaengerformBuehler_MachineCycleNo_pw.xml.gz | BA78: Data\dwa\dwa_y_FliesslaengerformBuehler_MachineCycleNo_pw.txt | BB78: Data\ddd\ddd_y_TIMESTAMP_FROM_DWA.xml.gz | BC78: False
A79: or2509-026 | B79: 213 | C79: 213 | D79: 45911 | E79: no optimization | F79: 220 | G79: 0.2 | H79: 340 | I79: 0.4 | K79: 4 | L79: 506.1831 | M79: 0.4 | N79: 546.1831 | O79: 699 | P79: 0.75 | Q79: 400 | R79: 500 | S79: 0.04 | T79: 500 | U79: 0.1 | V79: 4 | W79: 200 | X79: 190 | Y79: 180 | Z79: 700 | AA79: 210 | AB79: 190 | AC79: 150 | AD79: 150 | AE79: 160 | AF79: 160 | AG79: 120 | AH79: 60 | AI79: 0.0755 | AJ79: Parametric study | AK79: Air | AL79: F | AM79: 230 AlSi12(Fe) | AN79: 11.42 | AO79: 0.744 | AP79: 0.0355 | AQ79: 0.315 | AR79: 0.0235 | AS79: 0.0203 | AT79: 0.0134 | AU79: 0.0338 | AV79: 0.0244 | AW79: Data\CavitySensors\Sensordata_single_export | AX79: 250911 | AY79: 41 | AZ79: Data\ddm\ddm_y_FliesslaengerformBuehler_MachineCycleNo_pw.xml.gz | BA79: Data\dwa\dwa_y_FliesslaengerformBuehler_MachineCycleNo_pw.txt | BB79: Data\ddd\ddd_y_TIMESTAMP_FROM_DWA.xml.gz | BC79: False
A80: or2509-026 | B80: 214 | C80: 214 | D80: 45911 | E80: no optimization | F80: 220 | G80: 0.2 | H80: 340 | I80: 0.4 | K80: 4 | L80: 506.1831 | M80: 0.4 | N80: 546.1831 | O80: 699 | P80: 0.75 | Q80: 400 | R80: 500 | S80: 0.04 | T80: 500 | U80: 0.1 | V80: 4 | W80: 200 | X80: 190 | Y80: 180 | Z80: 700 | AA80: 210 | AB80: 190 | AC80: 150 | AD80: 150 | AE80: 160 | AF80: 160 | AG80: 120 | AH80: 60 | AI80: 0.0755 | AJ80: Parametric study | AK80: Air | AL80: F | AM80: 230 AlSi12(Fe) | AN80: 11.42 | AO80: 0.744 | AP80: 0.0355 | AQ80: 0.315 | AR80: 0.0235 | AS80: 0.0203 | AT80: 0.0134 | AU80: 0.0338 | AV80: 0.0244 | AW80: Data\CavitySensors\Sensordata_single_export | AX80: 250911 | AY80: 42 | AZ80: Data\ddm\ddm_y_FliesslaengerformBuehler_MachineCycleNo_pw.xml.gz | BA80: Data\dwa\dwa_y_FliesslaengerformBuehler_MachineCycleNo_pw.txt | BB80: Data\ddd\ddd_y_TIMESTAMP_FROM_DWA.xml.gz | BC80: False
A81: or2509-026 | B81: 215 | C81: 215 | D81: 45911 | E81: no optimization | F81: 220 | G81: 0.2 | H81: 340 | I81: 0.4 | K81: 4 | L81: 506.1831 | M81: 0.4 | N81: 546.1831 | O81: 699 | P81: 0.75 | Q81: 400 | R81: 500 | S81: 0.04 | T81: 500 | U81: 0.1 | V81: 4 | W81: 200 | X81: 190 | Y81: 180 | Z81: 700 | AA81: 210 | AB81: 190 | AC81: 150 | AD81: 150 | AE81: 160 | AF81: 160 | AG81: 120 | AH81: 60 | AI81: 0.0755 | AJ81: Parametric study | AK81: Air | AL81: F | AM81: 230 AlSi12(Fe) | AN81: 11.42 | AO81: 0.744 | AP81: 0.0355 | AQ81: 0.315 | AR81: 0.0235 | AS81: 0.0203 | AT81: 0.0134 | AU81: 0.0338 | AV81: 0.0244 | AW81: Data\CavitySensors\Sensordata_single_export | AX81: 250911 | AY81: 43 | AZ81: Data\ddm\ddm_y_FliesslaengerformBuehler_MachineCycleNo_pw.xml.gz | BA81: Data\dwa\dwa_y_FliesslaengerformBuehler_MachineCycleNo_pw.txt | BB81: Data\ddd\ddd_y_TIMESTAMP_FROM_DWA.xml.gz | BC81: False
A82: or2509-027 | B82: 219 | C82: 219 | D82: 45911 | E82: no optimization | F82: 280 | G82: 0.2 | H82: 380 | I82: 0.3 | K82: 2.5 | L82: 546.1831 | M82: 2.3 | N82: 626.1831 | O82: 689 | P82: 0.5 | Q82: 400 | R82: 400 | S82: 0.07 | T82: 700 | U82: 0.11 | V82: 16 | W82: 20 | X82: 190 | Y82: 180 | Z82: 700 | AA82: 210 | AB82: 190 | AC82: 150 | AD82: 150 | AE82: 160 | AF82: 160 | AG82: 120 | AH82: 60 | AI82: 0.0755 | AJ82: Parametric study | AK82: Air | AL82: F | AM82: 230 AlSi12(Fe) | AN82: 11.42 | AO82: 0.744 | AP82: 0.0355 | AQ82: 0.315 | AR82: 0.0235 | AS82: 0.0203 | AT82: 0.0134 | AU82: 0.0338 | AV82: 0.0244 | AW82: Data\CavitySensors\Sensordata_single_export | AX82: 250911 | AY82: 47 | AZ82: Data\ddm\ddm_y_FliesslaengerformBuehler_MachineCycleNo_pw.xml.gz | BA82: Data\dwa\dwa_y_FliesslaengerformBuehler_MachineCycleNo_pw.txt | BB82: Data\ddd\ddd_y_TIMESTAMP_FROM_DWA.xml.gz | BC82: False
A83: or2509-027 | B83: 220 | C83: 220 | D83: 45911 | E83: no optimization | F83: 280 | G83: 0.2 | H83: 380 | I83: 0.3 | K83: 2.5 | L83: 546.1831 | M83: 2.3 | N83: 626.1831 | O83: 689 | P83: 0.5 | Q83: 400 | R83: 400 | S83: 0.07 | T83: 700 | U83: 0.11 | V83: 16 | W83: 20 | X83: 190 | Y83: 180 | Z83: 700 | AA83: 210 | AB83: 190 | AC83: 150 | AD83: 150 | AE83: 160 | AF83: 160 | AG83: 120 | AH83: 60 | AI83: 0.0755 | AJ83: Parametric study | AK83: Air | AL83: F | AM83: 230 AlSi12(Fe) | AN83: 11.42 | AO83: 0.744 | AP83: 0.0355 | AQ83: 0.315 | AR83: 0.0235 | AS83: 0.0203 | AT83: 0.0134 | AU83: 0.0338 | AV83: 0.0244 | AW83: Data\CavitySensors\Sensordata_single_export | AX83: 250911 | AY83: 48 | AZ83: Data\ddm\ddm_y_FliesslaengerformBuehler_MachineCycleNo_pw.xml.gz | BA83: Data\dwa\dwa_y_FliesslaengerformBuehler_MachineCycleNo_pw.txt | BB83: Data\ddd\ddd_y_TIMESTAMP_FROM_DWA.xml.gz | BC83: False
A84: or2509-027 | B84: 221 | C84: lost | D84: 45911 | E84: no optimization | F84: 280 | G84: 0.2 | H84: 380 | I84: 0.3 | K84: 2.5 | L84: 546.1831 | M84: 2.3 | N84: 626.1831 | O84: 689 | P84: 0.5 | Q84: 400 | R84: 400 | S84: 0.07 | T84: 700 | U84: 0.11 | V84: 16 | W84: 20 | X84: 190 | Y84: 180 | Z84: 700 | AA84: 210 | AB84: 190 | AC84: 150 | AD84: 150 | AE84: 160 | AF84: 160 | AG84: 120 | AH84: 60 | AI84: 0.0755 | AJ84: Parametric study | AK84: Air | AL84: F | AM84: 230 AlSi12(Fe) | AN84: 11.42 | AO84: 0.744 | AP84: 0.0355 | AQ84: 0.315 | AR84: 0.0235 | AS84: 0.0203 | AT84: 0.0134 | AU84: 0.0338 | AV84: 0.0244 | AW84: Data\CavitySensors\Sensordata_single_export | AX84: 250911 | AY84: 49 | AZ84: Data\ddm\ddm_y_FliesslaengerformBuehler_MachineCycleNo_pw.xml.gz | BA84: Data\dwa\dwa_y_FliesslaengerformBuehler_MachineCycleNo_pw.txt | BB84: Data\ddd\ddd_y_TIMESTAMP_FROM_DWA.xml.gz | BC84: False
A85: or2509-028 | B85: 225 | C85: 225 | D85: 45911 | E85: no optimization | F85: 160 | G85: 0.4 | H85: 380 | I85: 0.5 | K85: 3.5 | L85: 566.1831 | M85: 1.4 | N85: 606.1831 | O85: 699 | P85: 0.75 | Q85: 400 | R85: 500 | S85: 0.09 | T85: 700 | U85: 0.13 | V85: 4 | W85: 50 | X85: 190 | Y85: 180 | Z85: 700 | AA85: 210 | AB85: 190 | AC85: 150 | AD85: 150 | AE85: 160 | AF85: 160 | AG85: 120 | AH85: 60 | AI85: 0.0755 | AJ85: Parametric study | AK85: Air | AL85: F | AM85: 230 AlSi12(Fe) | AN85: 11.42 | AO85: 0.744 | AP85: 0.0355 | AQ85: 0.315 | AR85: 0.0235 | AS85: 0.0203 | AT85: 0.0134 | AU85: 0.0338 | AV85: 0.0244 | AW85: Data\CavitySensors\Sensordata_single_export | AX85: 250911 | AY85: 53 | AZ85: Data\ddm\ddm_y_FliesslaengerformBuehler_MachineCycleNo_pw.xml.gz | BA85: Data\dwa\dwa_y_FliesslaengerformBuehler_MachineCycleNo_pw.txt | BB85: Data\ddd\ddd_y_TIMESTAMP_FROM_DWA.xml.gz | BC85: False
A86: or2509-028 | B86: 226 | C86: 226 | D86: 45911 | E86: no optimization | F86: 160 | G86: 0.4 | H86: 380 | I86: 0.5 | K86: 3.5 | L86: 566.1831 | M86: 1.4 | N86: 606.1831 | O86: 699 | P86: 0.75 | Q86: 400 | R86: 500 | S86: 0.09 | T86: 700 | U86: 0.13 | V86: 4 | W86: 50 | X86: 190 | Y86: 180 | Z86: 700 | AA86: 210 | AB86: 190 | AC86: 150 | AD86: 150 | AE86: 160 | AF86: 160 | AG86: 120 | AH86: 60 | AI86: 0.0755 | AJ86: Parametric study | AK86: Air | AL86: F | AM86: 230 AlSi12(Fe) | AN86: 11.42 | AO86: 0.744 | AP86: 0.0355 | AQ86: 0.315 | AR86: 0.0235 | AS86: 0.0203 | AT86: 0.0134 | AU86: 0.0338 | AV86: 0.0244 | AW86: Data\CavitySensors\Sensordata_single_export | AX86: 250911 | AY86: 54 | AZ86: Data\ddm\ddm_y_FliesslaengerformBuehler_MachineCycleNo_pw.xml.gz | BA86: Data\dwa\dwa_y_FliesslaengerformBuehler_MachineCycleNo_pw.txt | BB86: Data\ddd\ddd_y_TIMESTAMP_FROM_DWA.xml.gz | BC86: False
A87: or2509-028 | B87: 227 | C87: lost | D87: 45911 | E87: no optimization | F87: 160 | G87: 0.4 | H87: 380 | I87: 0.5 | K87: 3.5 | L87: 566.1831 | M87: 1.4 | N87: 606.1831 | O87: 699 | P87: 0.75 | Q87: 400 | R87: 500 | S87: 0.09 | T87: 700 | U87: 0.13 | V87: 4 | W87: 50 | X87: 190 | Y87: 180 | Z87: 700 | AA87: 210 | AB87: 190 | AC87: 150 | AD87: 150 | AE87: 160 | AF87: 160 | AG87: 120 | AH87: 60 | AI87: 0.0755 | AJ87: Parametric study | AK87: Air | AL87: F | AM87: 230 AlSi12(Fe) | AN87: 11.42 | AO87: 0.744 | AP87: 0.0355 | AQ87: 0.315 | AR87: 0.0235 | AS87: 0.0203 | AT87: 0.0134 | AU87: 0.0338 | AV87: 0.0244 | AW87: Data\CavitySensors\Sensordata_single_export | AX87: 250911 | AY87: 55 | AZ87: Data\ddm\ddm_y_FliesslaengerformBuehler_MachineCycleNo_pw.xml.gz | BA87: Data\dwa\dwa_y_FliesslaengerformBuehler_MachineCycleNo_pw.txt | BB87: Data\ddd\ddd_y_TIMESTAMP_FROM_DWA.xml.gz | BC87: False
A88: or2509-029 | B88: 233 | C88: 233 | D88: 45911 | E88: Buehler any | J88: 0.2537 | K88: 4 | L88: 566.1831 | M88: 3.1 | N88: 666.1831 | O88: 689 | P88: 1.5 | Q88: 400 | R88: 500 | S88: 0.07 | T88: 800 | U88: 0.17 | V88: 4 | W88: 500 | X88: 190 | Y88: 180 | Z88: 700 | AA88: 210 | AB88: 190 | AC88: 150 | AD88: 150 | AE88: 160 | AF88: 160 | AG88: 120 | AH88: 60 | AI88: 0.0755 | AJ88: Parametric study | AK88: Air | AL88: F | AM88: 230 AlSi12(Fe) | AN88: 11.42 | AO88: 0.744 | AP88: 0.0355 | AQ88: 0.315 | AR88: 0.0235 | AS88: 0.0203 | AT88: 0.0134 | AU88: 0.0338 | AV88: 0.0244 | AW88: Data\CavitySensors\Sensordata_single_export | AX88: 250911 | AY88: 61 | AZ88: Data\ddm\ddm_y_FliesslaengerformBuehler_MachineCycleNo_pw.xml.gz | BA88: Data\dwa\dwa_y_FliesslaengerformBuehler_MachineCycleNo_pw.txt | BB88: Data\ddd\ddd_y_TIMESTAMP_FROM_DWA.xml.gz | BC88: False
A89: or2509-029 | B89: 234 | C89: 234 | D89: 45911 | E89: Buehler any | J89: 0.2537 | K89: 4 | L89: 566.1831 | M89: 3.1 | N89: 666.1831 | O89: 689 | P89: 1.5 | Q89: 400 | R89: 500 | S89: 0.07 | T89: 800 | U89: 0.17 | V89: 4 | W89: 500 | X89: 190 | Y89: 180 | Z89: 700 | AA89: 210 | AB89: 190 | AC89: 150 | AD89: 150 | AE89: 160 | AF89: 160 | AG89: 120 | AH89: 60 | AI89: 0.0755 | AJ89: Parametric study | AK89: Air | AL89: F | AM89: 230 AlSi12(Fe) | AN89: 11.42 | AO89: 0.744 | AP89: 0.0355 | AQ89: 0.315 | AR89: 0.0235 | AS89: 0.0203 | AT89: 0.0134 | AU89: 0.0338 | AV89: 0.0244 | AW89: Data\CavitySensors\Sensordata_single_export | AX89: 250911 | AY89: 62 | AZ89: Data\ddm\ddm_y_FliesslaengerformBuehler_MachineCycleNo_pw.xml.gz | BA89: Data\dwa\dwa_y_FliesslaengerformBuehler_MachineCycleNo_pw.txt | BB89: Data\ddd\ddd_y_TIMESTAMP_FROM_DWA.xml.gz | BC89: False
A90: or2509-029 | B90: 235 | C90: 235 | D90: 45911 | E90: Buehler any | J90: 0.2537 | K90: 4 | L90: 566.1831 | M90: 3.1 | N90: 666.1831 | O90: 689 | P90: 1.5 | Q90: 400 | R90: 500 | S90: 0.07 | T90: 800 | U90: 0.17 | V90: 4 | W90: 500 | X90: 190 | Y90: 180 | Z90: 700 | AA90: 210 | AB90: 190 | AC90: 150 | AD90: 150 | AE90: 160 | AF90: 160 | AG90: 120 | AH90: 60 | AI90: 0.0755 | AJ90: Parametric study | AK90: Air | AL90: F | AM90: 230 AlSi12(Fe) | AN90: 11.42 | AO90: 0.744 | AP90: 0.0355 | AQ90: 0.315 | AR90: 0.0235 | AS90: 0.0203 | AT90: 0.0134 | AU90: 0.0338 | AV90: 0.0244 | AW90: Data\CavitySensors\Sensordata_single_export | AX90: 250911 | AY90: 63 | AZ90: Data\ddm\ddm_y_FliesslaengerformBuehler_MachineCycleNo_pw.xml.gz | BA90: Data\dwa\dwa_y_FliesslaengerformBuehler_MachineCycleNo_pw.txt | BB90: Data\ddd\ddd_y_TIMESTAMP_FROM_DWA.xml.gz | BC90: False
A91: or2509-030 | B91: 238 | C91: 238 | D91: 45911 | E91: Buehler any | J91: 0.5708 | K91: 3 | L91: 586.1831 | M91: 1.1 | N91: 666.1831 | O91: 709 | P91: 1.25 | Q91: 200 | R91: 200 | S91: 0.07 | T91: 200 | U91: 0.17 | V91: 16 | W91: 500 | X91: 190 | Y91: 180 | Z91: 700 | AA91: 210 | AB91: 190 | AC91: 150 | AD91: 150 | AE91: 160 | AF91: 160 | AG91: 120 | AH91: 60 | AI91: 0.0755 | AJ91: Parametric study | AK91: Air | AL91: F | AM91: 230 AlSi12(Fe) | AN91: 11.42 | AO91: 0.744 | AP91: 0.0355 | AQ91: 0.315 | AR91: 0.0235 | AS91: 0.0203 | AT91: 0.0134 | AU91: 0.0338 | AV91: 0.0244 | AW91: Data\CavitySensors\Sensordata_single_export | AX91: 250911 | AY91: 66 | AZ91: Data\ddm\ddm_y_FliesslaengerformBuehler_MachineCycleNo_pw.xml.gz | BA91: Data\dwa\dwa_y_FliesslaengerformBuehler_MachineCycleNo_pw.txt | BB91: Data\ddd\ddd_y_TIMESTAMP_FROM_DWA.xml.gz | BC91: False
A92: or2509-030 | B92: 239 | C92: 239 | D92: 45911 | E92: Buehler any | J92: 0.5708 | K92: 3 | L92: 586.1831 | M92: 1.1 | N92: 666.1831 | O92: 709 | P92: 1.25 | Q92: 200 | R92: 200 | S92: 0.07 | T92: 200 | U92: 0.17 | V92: 16 | W92: 500 | X92: 190 | Y92: 180 | Z92: 700 | AA92: 210 | AB92: 190 | AC92: 150 | AD92: 150 | AE92: 160 | AF92: 160 | AG92: 120 | AH92: 60 | AI92: 0.0755 | AJ92: Parametric study | AK92: Air | AL92: F | AM92: 230 AlSi12(Fe) | AN92: 11.42 | AO92: 0.744 | AP92: 0.0355 | AQ92: 0.315 | AR92: 0.0235 | AS92: 0.0203 | AT92: 0.0134 | AU92: 0.0338 | AV92: 0.0244 | AW92: Data\CavitySensors\Sensordata_single_export | AX92: 250911 | AY92: 67 | AZ92: Data\ddm\ddm_y_FliesslaengerformBuehler_MachineCycleNo_pw.xml.gz | BA92: Data\dwa\dwa_y_FliesslaengerformBuehler_MachineCycleNo_pw.txt | BB92: Data\ddd\ddd_y_TIMESTAMP_FROM_DWA.xml.gz | BC92: False
A93: or2509-030 | B93: 240 | C93: 240 | D93: 45911 | E93: Buehler any | J93: 0.5708 | K93: 3 | L93: 586.1831 | M93: 1.1 | N93: 666.1831 | O93: 709 | P93: 1.25 | Q93: 200 | R93: 200 | S93: 0.07 | T93: 200 | U93: 0.17 | V93: 16 | W93: 500 | X93: 190 | Y93: 180 | Z93: 700 | AA93: 210 | AB93: 190 | AC93: 150 | AD93: 150 | AE93: 160 | AF93: 160 | AG93: 120 | AH93: 60 | AI93: 0.0755 | AJ93: Parametric study | AK93: Air | AL93: F | AM93: 230 AlSi12(Fe) | AN93: 11.42 | AO93: 0.744 | AP93: 0.0355 | AQ93: 0.315 | AR93: 0.0235 | AS93: 0.0203 | AT93: 0.0134 | AU93: 0.0338 | AV93: 0.0244 | AW93: Data\CavitySensors\Sensordata_single_export | AX93: 250911 | AY93: 68 | AZ93: Data\ddm\ddm_y_FliesslaengerformBuehler_MachineCycleNo_pw.xml.gz | BA93: Data\dwa\dwa_y_FliesslaengerformBuehler_MachineCycleNo_pw.txt | BB93: Data\ddd\ddd_y_TIMESTAMP_FROM_DWA.xml.gz | BC93: False
A94: or2509-031 | B94: 243 | C94: 243 | D94: 45911 | E94: Buehler any | J94: 0.444 | K94: 2 | L94: 486.1831 | M94: 1.8 | N94: 566.1831 | O94: 679 | P94: 1.5 | Q94: 400 | R94: 400 | S94: 0.07 | T94: 600 | U94: 0.15 | V94: 16 | W94: 500 | X94: 190 | Y94: 180 | Z94: 700 | AA94: 210 | AB94: 190 | AC94: 150 | AD94: 150 | AE94: 160 | AF94: 160 | AG94: 120 | AH94: 60 | AI94: 0.0755 | AJ94: Parametric study | AK94: Air | AL94: F | AM94: 230 AlSi12(Fe) | AN94: 11.42 | AO94: 0.744 | AP94: 0.0355 | AQ94: 0.315 | AR94: 0.0235 | AS94: 0.0203 | AT94: 0.0134 | AU94: 0.0338 | AV94: 0.0244 | AW94: Data\CavitySensors\Sensordata_single_export | AX94: 250911 | AY94: 71 | AZ94: Data\ddm\ddm_y_FliesslaengerformBuehler_MachineCycleNo_pw.xml.gz | BA94: Data\dwa\dwa_y_FliesslaengerformBuehler_MachineCycleNo_pw.txt | BB94: Data\ddd\ddd_y_TIMESTAMP_FROM_DWA.xml.gz | BC94: False
A95: or2509-031 | B95: 244 | C95: 244 | D95: 45911 | E95: Buehler any | J95: 0.444 | K95: 2 | L95: 486.1831 | M95: 1.8 | N95: 566.1831 | O95: 679 | P95: 1.5 | Q95: 400 | R95: 400 | S95: 0.07 | T95: 600 | U95: 0.15 | V95: 16 | W95: 500 | X95: 190 | Y95: 180 | Z95: 700 | AA95: 210 | AB95: 190 | AC95: 150 | AD95: 150 | AE95: 160 | AF95: 160 | AG95: 120 | AH95: 60 | AI95: 0.0755 | AJ95: Parametric study | AK95: Air | AL95: F | AM95: 230 AlSi12(Fe) | AN95: 11.42 | AO95: 0.744 | AP95: 0.0355 | AQ95: 0.315 | AR95: 0.0235 | AS95: 0.0203 | AT95: 0.0134 | AU95: 0.0338 | AV95: 0.0244 | AW95: Data\CavitySensors\Sensordata_single_export | AX95: 250911 | AY95: 72 | AZ95: Data\ddm\ddm_y_FliesslaengerformBuehler_MachineCycleNo_pw.xml.gz | BA95: Data\dwa\dwa_y_FliesslaengerformBuehler_MachineCycleNo_pw.txt | BB95: Data\ddd\ddd_y_TIMESTAMP_FROM_DWA.xml.gz | BC95: False
A96: or2509-031 | B96: 245 | C96: 245 | D96: 45911 | E96: Buehler any | J96: 0.444 | K96: 2 | L96: 486.1831 | M96: 1.8 | N96: 566.1831 | O96: 679 | P96: 1.5 | Q96: 400 | R96: 400 | S96: 0.07 | T96: 600 | U96: 0.15 | V96: 16 | W96: 500 | X96: 190 | Y96: 180 | Z96: 700 | AA96: 210 | AB96: 190 | AC96: 150 | AD96: 150 | AE96: 160 | AF96: 160 | AG96: 120 | AH96: 60 | AI96: 0.0755 | AJ96: Parametric study | AK96: Air | AL96: F | AM96: 230 AlSi12(Fe) | AN96: 11.42 | AO96: 0.744 | AP96: 0.0355 | AQ96: 0.315 | AR96: 0.0235 | AS96: 0.0203 | AT96: 0.0134 | AU96: 0.0338 | AV96: 0.0244 | AW96: Data\CavitySensors\Sensordata_single_export | AX96: 250911 | AY96: 73 | AZ96: Data\ddm\ddm_y_FliesslaengerformBuehler_MachineCycleNo_pw.xml.gz | BA96: Data\dwa\dwa_y_FliesslaengerformBuehler_MachineCycleNo_pw.txt | BB96: Data\ddd\ddd_y_TIMESTAMP_FROM_DWA.xml.gz | BC96: False
A97: or2509-032 | B97: 247 | C97: 247 | D97: 45911 | E97: Buehler any | J97: 0.5074 | K97: 2.5 | L97: 526.1831 | M97: 1.3 | N97: 606.1831 | O97: 699 | P97: 0.75 | Q97: 200 | R97: 200 | S97: 0.09 | T97: 300 | U97: 0.15 | V97: 16 | W97: 500 | X97: 190 | Y97: 180 | Z97: 700 | AA97: 210 | AB97: 190 | AC97: 150 | AD97: 150 | AE97: 160 | AF97: 160 | AG97: 120 | AH97: 60 | AI97: 0.0755 | AJ97: Parametric study | AK97: Air | AL97: F | AM97: 230 AlSi12(Fe) | AN97: 11.42 | AO97: 0.744 | AP97: 0.0355 | AQ97: 0.315 | AR97: 0.0235 | AS97: 0.0203 | AT97: 0.0134 | AU97: 0.0338 | AV97: 0.0244 | AW97: Data\CavitySensors\Sensordata_single_export | AX97: 250911 | AY97: 75 | AZ97: Data\ddm\ddm_y_FliesslaengerformBuehler_MachineCycleNo_pw.xml.gz | BA97: Data\dwa\dwa_y_FliesslaengerformBuehler_MachineCycleNo_pw.txt | BB97: Data\ddd\ddd_y_TIMESTAMP_FROM_DWA.xml.gz | BC97: False
A98: or2509-032 | B98: 248 | C98: 248 | D98: 45911 | E98: Buehler any | J98: 0.5074 | K98: 2.5 | L98: 526.1831 | M98: 1.3 | N98: 606.1831 | O98: 699 | P98: 0.75 | Q98: 200 | R98: 200 | S98: 0.09 | T98: 300 | U98: 0.15 | V98: 16 | W98: 500 | X98: 190 | Y98: 180 | Z98: 700 | AA98: 210 | AB98: 190 | AC98: 150 | AD98: 150 | AE98: 160 | AF98: 160 | AG98: 120 | AH98: 60 | AI98: 0.0755 | AJ98: Parametric study | AK98: Air | AL98: F | AM98: 230 AlSi12(Fe) | AN98: 11.42 | AO98: 0.744 | AP98: 0.0355 | AQ98: 0.315 | AR98: 0.0235 | AS98: 0.0203 | AT98: 0.0134 | AU98: 0.0338 | AV98: 0.0244 | AW98: Data\CavitySensors\Sensordata_single_export | AX98: 250911 | AY98: 76 | AZ98: Data\ddm\ddm_y_FliesslaengerformBuehler_MachineCycleNo_pw.xml.gz | BA98: Data\dwa\dwa_y_FliesslaengerformBuehler_MachineCycleNo_pw.txt | BB98: Data\ddd\ddd_y_TIMESTAMP_FROM_DWA.xml.gz | BC98: False
A99: or2509-032 | B99: 249 | C99: 249 | D99: 45911 | E99: Buehler any | J99: 0.5074 | K99: 2.5 | L99: 526.1831 | M99: 1.3 | N99: 606.1831 | O99: 699 | P99: 0.75 | Q99: 200 | R99: 200 | S99: 0.09 | T99: 300 | U99: 0.15 | V99: 16 | W99: 500 | X99: 190 | Y99: 180 | Z99: 700 | AA99: 210 | AB99: 190 | AC99: 150 | AD99: 150 | AE99: 160 | AF99: 160 | AG99: 120 | AH99: 60 | AI99: 0.0755 | AJ99: Parametric study | AK99: Air | AL99: F | AM99: 230 AlSi12(Fe) | AN99: 11.42 | AO99: 0.744 | AP99: 0.0355 | AQ99: 0.315 | AR99: 0.0235 | AS99: 0.0203 | AT99: 0.0134 | AU99: 0.0338 | AV99: 0.0244 | AW99: Data\CavitySensors\Sensordata_single_export | AX99: 250911 | AY99: 77 | AZ99: Data\ddm\ddm_y_FliesslaengerformBuehler_MachineCycleNo_pw.xml.gz | BA99: Data\dwa\dwa_y_FliesslaengerformBuehler_MachineCycleNo_pw.txt | BB99: Data\ddd\ddd_y_TIMESTAMP_FROM_DWA.xml.gz | BC99: False
A100: or2509-033 | B100: 259 | C100: 259 | D100: 45912 | E100: Nogowizin | K100: 2 | L100: 466.1831 | M100: 1.7 | N100: 546.1831 | O100: 689 | P100: 1.25 | Q100: 400 | R100: 400 | S100: 0.1 | T100: 700 | U100: 0.14 | V100: 16 | W100: 200 | X100: 130 | Y100: 180 | Z100: 720 | AA100: 150 | AB100: 130 | AC100: 90 | AD100: 90 | AE100: 160 | AF100: 160 | AG100: 120 | AH100: 60 | AI100: 0.0795 | AJ100: Parametric study | AK100: Air | AL100: F | AM100: 230 AlSi12(Fe) | AN100: 11.37 | AO100: 0.773 | AP100: 0.036 | AQ100: 0.327 | AR100: 0.0222 | AS100: 0.0222 | AT100: 0.0135 | AU100: 0.0342 | AV100: 0.0239 | AW100: Data\CavitySensors\Sensordata_single_export | AX100: 250912 | AY100: 10 | AZ100: Data\ddm\ddm_y_FliesslaengerformBuehler_MachineCycleNo_pw.xml.gz | BA100: Data\dwa\dwa_y_FliesslaengerformBuehler_MachineCycleNo_pw.txt | BB100: Data\ddd\ddd_y_TIMESTAMP_FROM_DWA.xml.gz | BC100: False
...

Sheet CSV EXPORT CLEANUP
A1: ='or2509 Parameter Sets'!A1 -> Parameter Set | B1: ='or2509 Parameter Sets'!B1 -> Machine Cycle No | C1: ='or2509 Parameter Sets'!C1 -> Casting Part Label | D1: ='or2509 Parameter Sets'!D1 -> Datum | E1: ='or2509 Parameter Sets'!E1 -> type_1st_phase | F1: ='or2509 Parameter Sets'!F1 -> s1 | G1: ='or2509 Parameter Sets'!G1 -> v1 | H1: ='or2509 Parameter Sets'!H1 -> s2 | ... AJ1: ='or2509 Parameter Sets'!AJ1 -> Comment | AK1: ='or2509 Parameter Sets'!AN1 -> Alloy Si | AL1: ='or2509 Parameter Sets'!AO1 -> Alloy Fe | AM1: ='or2509 Parameter Sets'!AP1 -> Alloy Cu | AN1: ='or2509 Parameter Sets'!AQ1 -> Alloy Mn | AO1: ='or2509 Parameter Sets'!AR1 -> Alloy Mg | AP1: ='or2509 Parameter Sets'!AS1 -> Alloy Cr | AQ1: ='or2509 Parameter Sets'!AT1 -> Alloy Ni | AR1: ='or2509 Parameter Sets'!AU1 -> Alloy Zn | ... AZ1: ='or2509 Parameter Sets'!BC1 -> Values corrected from DDM
A2: ='or2509 Parameter Sets'!A2 -> or2509-001 | B2: ='or2509 Parameter Sets'!B2 -> 12 | C2: ='or2509 Parameter Sets'!C2 -> 12 | D2: ='or2509 Parameter Sets'!D2 -> 45908 | E2: ='or2509 Parameter Sets'!E2 -> no optimization | F2: ='or2509 Parameter Sets'!F2 -> 160 | G2: ='or2509 Parameter Sets'!G2 -> 0.2 | H2: ='or2509 Parameter Sets'!H2 -> 399 | ... AJ2: ='or2509 Parameter Sets'!AJ2 -> Parametric study, Baseline repeat | AK2: ='or2509 Parameter Sets'!AN2 -> 11.29 | AL2: ='or2509 Parameter Sets'!AO2 -> 0.737 | AM2: ='or2509 Parameter Sets'!AP2 -> 0.0414 | AN2: ='or2509 Parameter Sets'!AQ2 -> 0.324 | AO2: ='or2509 Parameter Sets'!AR2 -> 0.0273 | AP2: ='or2509 Parameter Sets'!AS2 -> 0.0194 | AQ2: ='or2509 Parameter Sets'!AT2 -> 0.0141 | AR2: ='or2509 Parameter Sets'!AU2 -> 0.0326 | ... AZ2: ='or2509 Parameter Sets'!BC2 -> False
A3: ='or2509 Parameter Sets'!A3 -> or2509-001 | B3: ='or2509 Parameter Sets'!B3 -> 13 | C3: ='or2509 Parameter Sets'!C3 -> 13 | D3: ='or2509 Parameter Sets'!D3 -> 45908 | E3: ='or2509 Parameter Sets'!E3 -> no optimization | F3: ='or2509 Parameter Sets'!F3 -> 160 | G3: ='or2509 Parameter Sets'!G3 -> 0.2 | H3: ='or2509 Parameter Sets'!H3 -> 399 | ... AJ3: ='or2509 Parameter Sets'!AJ3 -> Parametric study, Baseline repeat | AK3: ='or2509 Parameter Sets'!AN3 -> 11.29 | AL3: ='or2509 Parameter Sets'!AO3 -> 0.737 | AM3: ='or2509 Parameter Sets'!AP3 -> 0.0414 | AN3: ='or2509 Parameter Sets'!AQ3 -> 0.324 | AO3: ='or2509 Parameter Sets'!AR3 -> 0.0273 | AP3: ='or2509 Parameter Sets'!AS3 -> 0.0194 | AQ3: ='or2509 Parameter Sets'!AT3 -> 0.0141 | AR3: ='or2509 Parameter Sets'!AU3 -> 0.0326 | ... AZ3: ='or2509 Parameter Sets'!BC3 -> False
A4: ='or2509 Parameter Sets'!A4 -> or2509-001 | B4: ='or2509 Parameter Sets'!B4 -> 14 | C4: ='or2509 Parameter Sets'!C4 -> 14 | D4: ='or2509 Parameter Sets'!D4 -> 45908 | E4: ='or2509 Parameter Sets'!E4 -> no optimization | F4: ='or2509 Parameter Sets'!F4 -> 160 | G4: ='or2509 Parameter Sets'!G4 -> 0.2 | H4: ='or2509 Parameter Sets'!H4 -> 399 | ... AJ4: ='or2509 Parameter Sets'!AJ4 -> Parametric study, Baseline repeat | AK4: ='or2509 Parameter Sets'!AN4 -> 11.29 | AL4: ='or2509 Parameter Sets'!AO4 -> 0.737 | AM4: ='or2509 Parameter Sets'!AP4 -> 0.0414 | AN4: ='or2509 Parameter Sets'!AQ4 -> 0.324 | AO4: ='or2509 Parameter Sets'!AR4 -> 0.0273 | AP4: ='or2509 Parameter Sets'!AS4 -> 0.0194 | AQ4: ='or2509 Parameter Sets'!AT4 -> 0.0141 | AR4: ='or2509 Parameter Sets'!AU4 -> 0.0326 | ... AZ4: ='or2509 Parameter Sets'!BC4 -> False
A5: ='or2509 Parameter Sets'!A6 -> or2509-002 | B5: ='or2509 Parameter Sets'!B6 -> 30 | C5: ='or2509 Parameter Sets'!C6 -> 30 | D5: ='or2509 Parameter Sets'!D6 -> 45909 | E5: ='or2509 Parameter Sets'!E6 -> Buehler any | F5: ='or2509 Parameter Sets'!F6 -> 0 | G5: ='or2509 Parameter Sets'!G6 -> 0 | H5: ='or2509 Parameter Sets'!H6 -> 0 | ... AJ5: ='or2509 Parameter Sets'!AJ6 -> Parametric study | AK5: ='or2509 Parameter Sets'!AN6 -> 11.35 | AL5: ='or2509 Parameter Sets'!AO6 -> 0.765 | AM5: ='or2509 Parameter Sets'!AP6 -> 0.0357 | AN5: ='or2509 Parameter Sets'!AQ6 -> 0.331 | AO5: ='or2509 Parameter Sets'!AR6 -> 0.0251 | AP5: ='or2509 Parameter Sets'!AS6 -> 0.0218 | AQ5: ='or2509 Parameter Sets'!AT6 -> 0.0132 | AR5: ='or2509 Parameter Sets'!AU6 -> 0.034 | ... AZ5: ='or2509 Parameter Sets'!BC6 -> False
A6: ='or2509 Parameter Sets'!A7 -> or2509-002 | B6: ='or2509 Parameter Sets'!B7 -> 31 | C6: ='or2509 Parameter Sets'!C7 -> 31 | D6: ='or2509 Parameter Sets'!D7 -> 45909 | E6: ='or2509 Parameter Sets'!E7 -> Buehler any | F6: ='or2509 Parameter Sets'!F7 -> 0 | G6: ='or2509 Parameter Sets'!G7 -> 0 | H6: ='or2509 Parameter Sets'!H7 -> 0 | ... AJ6: ='or2509 Parameter Sets'!AJ7 -> Parametric study | AK6: ='or2509 Parameter Sets'!AN7 -> 11.35 | AL6: ='or2509 Parameter Sets'!AO7 -> 0.765 | AM6: ='or2509 Parameter Sets'!AP7 -> 0.0357 | AN6: ='or2509 Parameter Sets'!AQ7 -> 0.331 | AO6: ='or2509 Parameter Sets'!AR7 -> 0.0251 | AP6: ='or2509 Parameter Sets'!AS7 -> 0.0218 | AQ6: ='or2509 Parameter Sets'!AT7 -> 0.0132 | AR6: ='or2509 Parameter Sets'!AU7 -> 0.034 | ... AZ6: ='or2509 Parameter Sets'!BC7 -> False
A7: ='or2509 Parameter Sets'!A8 -> or2509-002 | B7: ='or2509 Parameter Sets'!B8 -> 32 | C7: ='or2509 Parameter Sets'!C8 -> 32 | D7: ='or2509 Parameter Sets'!D8 -> 45909 | E7: ='or2509 Parameter Sets'!E8 -> Buehler any | F7: ='or2509 Parameter Sets'!F8 -> 0 | G7: ='or2509 Parameter Sets'!G8 -> 0 | H7: ='or2509 Parameter Sets'!H8 -> 0 | ... AJ7: ='or2509 Parameter Sets'!AJ8 -> Parametric study | AK7: ='or2509 Parameter Sets'!AN8 -> 11.35 | AL7: ='or2509 Parameter Sets'!AO8 -> 0.765 | AM7: ='or2509 Parameter Sets'!AP8 -> 0.0357 | AN7: ='or2509 Parameter Sets'!AQ8 -> 0.331 | AO7: ='or2509 Parameter Sets'!AR8 -> 0.0251 | AP7: ='or2509 Parameter Sets'!AS8 -> 0.0218 | AQ7: ='or2509 Parameter Sets'!AT8 -> 0.0132 | AR7: ='or2509 Parameter Sets'!AU8 -> 0.034 | ... AZ7: ='or2509 Parameter Sets'!BC8 -> False
A8: ='or2509 Parameter Sets'!A9 -> or2509-003 | B8: ='or2509 Parameter Sets'!B9 -> 37 | C8: ='or2509 Parameter Sets'!C9 -> 37 | D8: ='or2509 Parameter Sets'!D9 -> 45909 | E8: ='or2509 Parameter Sets'!E9 -> Buehler any | F8: ='or2509 Parameter Sets'!F9 -> 0 | G8: ='or2509 Parameter Sets'!G9 -> 0 | H8: ='or2509 Parameter Sets'!H9 -> 0 | ... AJ8: ='or2509 Parameter Sets'!AJ9 -> Parametric study | AK8: ='or2509 Parameter Sets'!AN9 -> 11.35 | AL8: ='or2509 Parameter Sets'!AO9 -> 0.765 | AM8: ='or2509 Parameter Sets'!AP9 -> 0.0357 | AN8: ='or2509 Parameter Sets'!AQ9 -> 0.331 | AO8: ='or2509 Parameter Sets'!AR9 -> 0.0251 | AP8: ='or2509 Parameter Sets'!AS9 -> 0.0218 | AQ8: ='or2509 Parameter Sets'!AT9 -> 0.0132 | AR8: ='or2509 Parameter Sets'!AU9 -> 0.034 | ... AZ8: ='or2509 Parameter Sets'!BC9 -> True
A9: ='or2509 Parameter Sets'!A10 -> or2509-003 | B9: ='or2509 Parameter Sets'!B10 -> 38 | C9: ='or2509 Parameter Sets'!C10 -> lost | D9: ='or2509 Parameter Sets'!D10 -> 45909 | E9: ='or2509 Parameter Sets'!E10 -> Buehler any | F9: ='or2509 Parameter Sets'!F10 -> 0 | G9: ='or2509 Parameter Sets'!G10 -> 0 | H9: ='or2509 Parameter Sets'!H10 -> 0 | ... AJ9: ='or2509 Parameter Sets'!AJ10 -> Parametric study | AK9: ='or2509 Parameter Sets'!AN10 -> 11.35 | AL9: ='or2509 Parameter Sets'!AO10 -> 0.765 | AM9: ='or2509 Parameter Sets'!AP10 -> 0.0357 | AN9: ='or2509 Parameter Sets'!AQ10 -> 0.331 | AO9: ='or2509 Parameter Sets'!AR10 -> 0.0251 | AP9: ='or2509 Parameter Sets'!AS10 -> 0.0218 | AQ9: ='or2509 Parameter Sets'!AT10 -> 0.0132 | AR9: ='or2509 Parameter Sets'!AU10 -> 0.034 | ... AZ9: ='or2509 Parameter Sets'!BC10 -> True
A10: ='or2509 Parameter Sets'!A11 -> or2509-003 | B10: ='or2509 Parameter Sets'!B11 -> 39 | C10: ='or2509 Parameter Sets'!C11 -> 39 | D10: ='or2509 Parameter Sets'!D11 -> 45909 | E10: ='or2509 Parameter Sets'!E11 -> Buehler any | F10: ='or2509 Parameter Sets'!F11 -> 0 | G10: ='or2509 Parameter Sets'!G11 -> 0 | H10: ='or2509 Parameter Sets'!H11 -> 0 | ... AJ10: ='or2509 Parameter Sets'!AJ11 -> Parametric study | AK10: ='or2509 Parameter Sets'!AN11 -> 11.35 | AL10: ='or2509 Parameter Sets'!AO11 -> 0.765 | AM10: ='or2509 Parameter Sets'!AP11 -> 0.0357 | AN10: ='or2509 Parameter Sets'!AQ11 -> 0.331 | AO10: ='or2509 Parameter Sets'!AR11 -> 0.0251 | AP10: ='or2509 Parameter Sets'!AS11 -> 0.0218 | AQ10: ='or2509 Parameter Sets'!AT11 -> 0.0132 | AR10: ='or2509 Parameter Sets'!AU11 -> 0.034 | ... AZ10: ='or2509 Parameter Sets'!BC11 -> True
A11: ='or2509 Parameter Sets'!A12 -> or2509-004 | B11: ='or2509 Parameter Sets'!B12 -> 48 | C11: ='or2509 Parameter Sets'!C12 -> 48 | D11: ='or2509 Parameter Sets'!D12 -> 45909 | E11: ='or2509 Parameter Sets'!E12 -> Nogowizin | F11: ='or2509 Parameter Sets'!F12 -> 0 | G11: ='or2509 Parameter Sets'!G12 -> 0 | H11: ='or2509 Parameter Sets'!H12 -> 0 | ... AJ11: ='or2509 Parameter Sets'!AJ12 -> Parametric study | AK11: ='or2509 Parameter Sets'!AN12 -> 11.35 | AL11: ='or2509 Parameter Sets'!AO12 -> 0.765 | AM11: ='or2509 Parameter Sets'!AP12 -> 0.0357 | AN11: ='or2509 Parameter Sets'!AQ12 -> 0.331 | AO11: ='or2509 Parameter Sets'!AR12 -> 0.0251 | AP11: ='or2509 Parameter Sets'!AS12 -> 0.0218 | AQ11: ='or2509 Parameter Sets'!AT12 -> 0.0132 | AR11: ='or2509 Parameter Sets'!AU12 -> 0.034 | ... AZ11: ='or2509 Parameter Sets'!BC12 -> False
A12: ='or2509 Parameter Sets'!A13 -> or2509-004 | B12: ='or2509 Parameter Sets'!B13 -> 49 | C12: ='or2509 Parameter Sets'!C13 -> 49 | D12: ='or2509 Parameter Sets'!D13 -> 45909 | E12: ='or2509 Parameter Sets'!E13 -> Nogowizin | F12: ='or2509 Parameter Sets'!F13 -> 0 | G12: ='or2509 Parameter Sets'!G13 -> 0 | H12: ='or2509 Parameter Sets'!H13 -> 0 | ... AJ12: ='or2509 Parameter Sets'!AJ13 -> Parametric study | AK12: ='or2509 Parameter Sets'!AN13 -> 11.35 | AL12: ='or2509 Parameter Sets'!AO13 -> 0.765 | AM12: ='or2509 Parameter Sets'!AP13 -> 0.0357 | AN12: ='or2509 Parameter Sets'!AQ13 -> 0.331 | AO12: ='or2509 Parameter Sets'!AR13 -> 0.0251 | AP12: ='or2509 Parameter Sets'!AS13 -> 0.0218 | AQ12: ='or2509 Parameter Sets'!AT13 -> 0.0132 | AR12: ='or2509 Parameter Sets'!AU13 -> 0.034 | ... AZ12: ='or2509 Parameter Sets'!BC13 -> False
A13: ='or2509 Parameter Sets'!A14 -> or2509-004 | B13: ='or2509 Parameter Sets'!B14 -> 50 | C13: ='or2509 Parameter Sets'!C14 -> 50 | D13: ='or2509 Parameter Sets'!D14 -> 45909 | E13: ='or2509 Parameter Sets'!E14 -> Nogowizin | F13: ='or2509 Parameter Sets'!F14 -> 0 | G13: ='or2509 Parameter Sets'!G14 -> 0 | H13: ='or2509 Parameter Sets'!H14 -> 0 | ... AJ13: ='or2509 Parameter Sets'!AJ14 -> Parametric study | AK13: ='or2509 Parameter Sets'!AN14 -> 11.35 | AL13: ='or2509 Parameter Sets'!AO14 -> 0.765 | AM13: ='or2509 Parameter Sets'!AP14 -> 0.0357 | AN13: ='or2509 Parameter Sets'!AQ14 -> 0.331 | AO13: ='or2509 Parameter Sets'!AR14 -> 0.0251 | AP13: ='or2509 Parameter Sets'!AS14 -> 0.0218 | AQ13: ='or2509 Parameter Sets'!AT14 -> 0.0132 | AR13: ='or2509 Parameter Sets'!AU14 -> 0.034 | ... AZ13: ='or2509 Parameter Sets'!BC14 -> False
A14: ='or2509 Parameter Sets'!A15 -> or2509-005 | B14: ='or2509 Parameter Sets'!B15 -> 57 | C14: ='or2509 Parameter Sets'!C15 -> 57 | D14: ='or2509 Parameter Sets'!D15 -> 45909 | E14: ='or2509 Parameter Sets'!E15 -> Buehler any | F14: ='or2509 Parameter Sets'!F15 -> 0 | G14: ='or2509 Parameter Sets'!G15 -> 0 | H14: ='or2509 Parameter Sets'!H15 -> 0 | ... AJ14: ='or2509 Parameter Sets'!AJ15 -> Parametric study | AK14: ='or2509 Parameter Sets'!AN15 -> 11.35 | AL14: ='or2509 Parameter Sets'!AO15 -> 0.765 | AM14: ='or2509 Parameter Sets'!AP15 -> 0.0357 | AN14: ='or2509 Parameter Sets'!AQ15 -> 0.331 | AO14: ='or2509 Parameter Sets'!AR15 -> 0.0251 | AP14: ='or2509 Parameter Sets'!AS15 -> 0.0218 | AQ14: ='or2509 Parameter Sets'!AT15 -> 0.0132 | AR14: ='or2509 Parameter Sets'!AU15 -> 0.034 | ... AZ14: ='or2509 Parameter Sets'!BC15 -> True
A15: ='or2509 Parameter Sets'!A16 -> or2509-005 | B15: ='or2509 Parameter Sets'!B16 -> 58 | C15: ='or2509 Parameter Sets'!C16 -> 58 | D15: ='or2509 Parameter Sets'!D16 -> 45909 | E15: ='or2509 Parameter Sets'!E16 -> Buehler any | F15: ='or2509 Parameter Sets'!F16 -> 0 | G15: ='or2509 Parameter Sets'!G16 -> 0 | H15: ='or2509 Parameter Sets'!H16 -> 0 | ... AJ15: ='or2509 Parameter Sets'!AJ16 -> Parametric study | AK15: ='or2509 Parameter Sets'!AN16 -> 11.35 | AL15: ='or2509 Parameter Sets'!AO16 -> 0.765 | AM15: ='or2509 Parameter Sets'!AP16 -> 0.0357 | AN15: ='or2509 Parameter Sets'!AQ16 -> 0.331 | AO15: ='or2509 Parameter Sets'!AR16 -> 0.0251 | AP15: ='or2509 Parameter Sets'!AS16 -> 0.0218 | AQ15: ='or2509 Parameter Sets'!AT16 -> 0.0132 | AR15: ='or2509 Parameter Sets'!AU16 -> 0.034 | ... AZ15: ='or2509 Parameter Sets'!BC16 -> True
A16: ='or2509 Parameter Sets'!A17 -> or2509-005 | B16: ='or2509 Parameter Sets'!B17 -> 59 | C16: ='or2509 Parameter Sets'!C17 -> 59 | D16: ='or2509 Parameter Sets'!D17 -> 45909 | E16: ='or2509 Parameter Sets'!E17 -> Buehler any | F16: ='or2509 Parameter Sets'!F17 -> 0 | G16: ='or2509 Parameter Sets'!G17 -> 0 | H16: ='or2509 Parameter Sets'!H17 -> 0 | ... AJ16: ='or2509 Parameter Sets'!AJ17 -> Parametric study | AK16: ='or2509 Parameter Sets'!AN17 -> 11.35 | AL16: ='or2509 Parameter Sets'!AO17 -> 0.765 | AM16: ='or2509 Parameter Sets'!AP17 -> 0.0357 | AN16: ='or2509 Parameter Sets'!AQ17 -> 0.331 | AO16: ='or2509 Parameter Sets'!AR17 -> 0.0251 | AP16: ='or2509 Parameter Sets'!AS17 -> 0.0218 | AQ16: ='or2509 Parameter Sets'!AT17 -> 0.0132 | AR16: ='or2509 Parameter Sets'!AU17 -> 0.034 | ... AZ16: ='or2509 Parameter Sets'!BC17 -> True
... A22: ='or2509 Parameter Sets'!A23 -> or2509-007 | B22: ='or2509 Parameter Sets'!B23 -> 71 | C22: ='or2509 Parameter Sets'!C23 -> 71 | D22: ='or2509 Parameter Sets'!D23 -> 45909 | E22: ='or2509 Parameter Sets'!E23 -> Nogowizin | F22: ='or2509 Parameter Sets'!F23 -> 0 | G22: ='or2509 Parameter Sets'!G23 -> 0 | H22: ='or2509 Parameter Sets'!H23 -> 0 | ... AJ22: ='or2509 Parameter Sets'!AJ23 -> Parametric study | AK22: ='or2509 Parameter Sets'!AN23 -> 11.35 | AL22: ='or2509 Parameter Sets'!AO23 -> 0.765 | AM22: ='or2509 Parameter Sets'!AP23 -> 0.0357 | AN22: ='or2509 Parameter Sets'!AQ23 -> 0.331 | AO22: ='or2509 Parameter Sets'!AR23 -> 0.0251 | AP22: ='or2509 Parameter Sets'!AS23 -> 0.0218 | AQ22: ='or2509 Parameter Sets'!AT23 -> 0.0132 | AR22: ='or2509 Parameter Sets'!AU23 -> 0.034 | ... AZ22: ='or2509 Parameter Sets'!BC23 -> False
A23: ='or2509 Parameter Sets'!A25 -> or2509-008 | B23: ='or2509 Parameter Sets'!B25 -> 79 | C23: ='or2509 Parameter Sets'!C25 -> 79 | D23: ='or2509 Parameter Sets'!D25 -> 45909 | E23: ='or2509 Parameter Sets'!E25 -> Nogowizin | F23: ='or2509 Parameter Sets'!F25 -> 0 | G23: ='or2509 Parameter Sets'!G25 -> 0 | H23: ='or2509 Parameter Sets'!H25 -> 0 | ... AJ23: ='or2509 Parameter Sets'!AJ25 -> Parametric study | AK23: ='or2509 Parameter Sets'!AN25 -> 11.35 | AL23: ='or2509 Parameter Sets'!AO25 -> 0.765 | AM23: ='or2509 Parameter Sets'!AP25 -> 0.0357 | AN23: ='or2509 Parameter Sets'!AQ25 -> 0.331 | AO23: ='or2509 Parameter Sets'!AR25 -> 0.0251 | AP23: ='or2509 Parameter Sets'!AS25 -> 0.0218 | AQ23: ='or2509 Parameter Sets'!AT25 -> 0.0132 | AR23: ='or2509 Parameter Sets'!AU25 -> 0.034 | ... AZ23: ='or2509 Parameter Sets'!BC25 -> True
A24: ='or2509 Parameter Sets'!A26 -> or2509-008 | B24: ='or2509 Parameter Sets'!B26 -> 80 | C24: ='or2509 Parameter Sets'!C26 -> 80 | D24: ='or2509 Parameter Sets'!D26 -> 45909 | E24: ='or2509 Parameter Sets'!E26 -> Nogowizin | F24: ='or2509 Parameter Sets'!F26 -> 0 | G24: ='or2509 Parameter Sets'!G26 -> 0 | H24: ='or2509 Parameter Sets'!H26 -> 0 | ... AJ24: ='or2509 Parameter Sets'!AJ26 -> Parametric study | AK24: ='or2509 Parameter Sets'!AN26 -> 11.35 | AL24: ='or2509 Parameter Sets'!AO26 -> 0.765 | AM24: ='or2509 Parameter Sets'!AP26 -> 0.0357 | AN24: ='or2509 Parameter Sets'!AQ26 -> 0.331 | AO24: ='or2509 Parameter Sets'!AR26 -> 0.0251 | AP24: ='or2509 Parameter Sets'!AS26 -> 0.0218 | AQ24: ='or2509 Parameter Sets'!AT26 -> 0.0132 | AR24: ='or2509 Parameter Sets'!AU26 -> 0.034 | ... AZ24: ='or2509 Parameter Sets'!BC26 -> True
A25: ='or2509 Parameter Sets'!A27 -> or2509-008 | B25: ='or2509 Parameter Sets'!B27 -> 81 | C25: ='or2509 Parameter Sets'!C27 -> 81 | D25: ='or2509 Parameter Sets'!D27 -> 45909 | E25: ='or2509 Parameter Sets'!E27 -> Nogowizin | F25: ='or2509 Parameter Sets'!F27 -> 0 | G25: ='or2509 Parameter Sets'!G27 -> 0 | H25: ='or2509 Parameter Sets'!H27 -> 0 | ... AJ25: ='or2509 Parameter Sets'!AJ27 -> Parametric study | AK25: ='or2509 Parameter Sets'!AN27 -> 11.35 | AL25: ='or2509 Parameter Sets'!AO27 -> 0.765 | AM25: ='or2509 Parameter Sets'!AP27 -> 0.0357 | AN25: ='or2509 Parameter Sets'!AQ27 -> 0.331 | AO25: ='or2509 Parameter Sets'!AR27 -> 0.0251 | AP25: ='or2509 Parameter Sets'!AS27 -> 0.0218 | AQ25: ='or2509 Parameter Sets'!AT27 -> 0.0132 | AR25: ='or2509 Parameter Sets'!AU27 -> 0.034 | ... AZ25: ='or2509 Parameter Sets'!BC27 -> True
A26: ='or2509 Parameter Sets'!A28 -> or2509-009 | B26: ='or2509 Parameter Sets'!B28 -> 85 | C26: ='or2509 Parameter Sets'!C28 -> 85 | D26: ='or2509 Parameter Sets'!D28 -> 45909 | E26: ='or2509 Parameter Sets'!E28 -> Buehler any | F26: ='or2509 Parameter Sets'!F28 -> 0 | G26: ='or2509 Parameter Sets'!G28 -> 0 | H26: ='or2509 Parameter Sets'!H28 -> 0 | ... AJ26: ='or2509 Parameter Sets'!AJ28 -> Parametric study | AK26: ='or2509 Parameter Sets'!AN28 -> 11.35 | AL26: ='or2509 Parameter Sets'!AO28 -> 0.765 | AM26: ='or2509 Parameter Sets'!AP28 -> 0.0357 | AN26: ='or2509 Parameter Sets'!AQ28 -> 0.331 | AO26: ='or2509 Parameter Sets'!AR28 -> 0.0251 | AP26: ='or2509 Parameter Sets'!AS28 -> 0.0218 | AQ26: ='or2509 Parameter Sets'!AT28 -> 0.0132 | AR26: ='or2509 Parameter Sets'!AU28 -> 0.034 | ... AZ26: ='or2509 Parameter Sets'!BC28 -> False
A27: ='or2509 Parameter Sets'!A29 -> or2509-009 | B27: ='or2509 Parameter Sets'!B29 -> 86 | C27: ='or2509 Parameter Sets'!C29 -> 86 | D27: ='or2509 Parameter Sets'!D29 -> 45909 | E27: ='or2509 Parameter Sets'!E29 -> Buehler any | F27: ='or2509 Parameter Sets'!F29 -> 0 | G27: ='or2509 Parameter Sets'!G29 -> 0 | H27: ='or2509 Parameter Sets'!H29 -> 0 | ... AJ27: ='or2509 Parameter Sets'!AJ29 -> Parametric study | AK27: ='or2509 Parameter Sets'!AN29 -> 11.35 | AL27: ='or2509 Parameter Sets'!AO29 -> 0.765 | AM27: ='or2509 Parameter Sets'!AP29 -> 0.0357 | AN27: ='or2509 Parameter Sets'!AQ29 -> 0.331 | AO27: ='or2509 Parameter Sets'!AR29 -> 0.0251 | AP27: ='or2509 Parameter Sets'!AS29 -> 0.0218 | AQ27: ='or2509 Parameter Sets'!AT29 -> 0.0132 | AR27: ='or2509 Parameter Sets'!AU29 -> 0.034 | ... AZ27: ='or2509 Parameter Sets'!BC29 -> False
A28: ='or2509 Parameter Sets'!A30 -> or2509-009 | B28: ='or2509 Parameter Sets'!B30 -> 87 | C28: ='or2509 Parameter Sets'!C30 -> 87 | D28: ='or2509 Parameter Sets'!D30 -> 45909 | E28: ='or2509 Parameter Sets'!E30 -> Buehler any | F28: ='or2509 Parameter Sets'!F30 -> 0 | G28: ='or2509 Parameter Sets'!G30 -> 0 | H28: ='or2509 Parameter Sets'!H30 -> 0 | ... AJ28: ='or2509 Parameter Sets'!AJ30 -> Parametric study | AK28: ='or2509 Parameter Sets'!AN30 -> 11.35 | AL28: ='or2509 Parameter Sets'!AO30 -> 0.765 | AM28: ='or2509 Parameter Sets'!AP30 -> 0.0357 | AN28: ='or2509 Parameter Sets'!AQ30 -> 0.331 | AO28: ='or2509 Parameter Sets'!AR30 -> 0.0251 | AP28: ='or2509 Parameter Sets'!AS30 -> 0.0218 | AQ28: ='or2509 Parameter Sets'!AT30 -> 0.0132 | AR28: ='or2509 Parameter Sets'!AU30 -> 0.034 | ... AZ28: ='or2509 Parameter Sets'!BC30 -> False
A29: ='or2509 Parameter Sets'!A31 -> or2509-010 | B29: ='or2509 Parameter Sets'!B31 -> 91 | C29: ='or2509 Parameter Sets'!C31 -> 91 | D29: ='or2509 Parameter Sets'!D31 -> 45909 | E29: ='or2509 Parameter Sets'!E31 -> Buehler any | F29: ='or2509 Parameter Sets'!F31 -> 0 | G29: ='or2509 Parameter Sets'!G31 -> 0 | H29: ='or2509 Parameter Sets'!H31 -> 0 | ... AJ29: ='or2509 Parameter Sets'!AJ31 -> Parametric study | AK29: ='or2509 Parameter Sets'!AN31 -> 11.35 | AL29: ='or2509 Parameter Sets'!AO31 -> 0.765 | AM29: ='or2509 Parameter Sets'!AP31 -> 0.0357 | AN29: ='or2509 Parameter Sets'!AQ31 -> 0.331 | AO29: ='or2509 Parameter Sets'!AR31 -> 0.0251 | AP29: ='or2509 Parameter Sets'!AS31 -> 0.0218 | AQ29: ='or2509 Parameter Sets'!AT31 -> 0.0132 | AR29: ='or2509 Parameter Sets'!AU31 -> 0.034 | ... AZ29: ='or2509 Parameter Sets'!BC31 -> False
A30: ='or2509 Parameter Sets'!A32 -> or2509-010 | B30: ='or2509 Parameter Sets'!B32 -> 92 | C30: ='or2509 Parameter Sets'!C32 -> 92 | D30: ='or2509 Parameter Sets'!D32 -> 45909 | E30: ='or2509 Parameter Sets'!E32 -> Buehler any | F30: ='or2509 Parameter Sets'!F32 -> 0 | G30: ='or2509 Parameter Sets'!G32 -> 0 | H30: ='or2509 Parameter Sets'!H32 -> 0 | ... AJ30: ='or2509 Parameter Sets'!AJ32 -> Parametric study | AK30: ='or2509 Parameter Sets'!AN32 -> 11.35 | AL30: ='or2509 Parameter Sets'!AO32 -> 0.765 | AM30: ='or2509 Parameter Sets'!AP32 -> 0.0357 | AN30: ='or2509 Parameter Sets'!AQ32 -> 0.331 | AO30: ='or2509 Parameter Sets'!AR32 -> 0.0251 | AP30: ='or2509 Parameter Sets'!AS32 -> 0.0218 | AQ30: ='or2509 Parameter Sets'!AT32 -> 0.0132 | AR30: ='or2509 Parameter Sets'!AU32 -> 0.034 | ... AZ30: ='or2509 Parameter Sets'!BC32 -> False
A31: ='or2509 Parameter Sets'!A33 -> or2509-010 | B31: ='or2509 Parameter Sets'!B33 -> 93 | C31: ='or2509 Parameter Sets'!C33 -> 93 | D31: ='or2509 Parameter Sets'!D33 -> 45909 | E31: ='or2509 Parameter Sets'!E33 -> Buehler any | F31: ='or2509 Parameter Sets'!F33 -> 0 | G31: ='or2509 Parameter Sets'!G33 -> 0 | H31: ='or2509 Parameter Sets'!H33 -> 0 | ... AJ31: ='or2509 Parameter Sets'!AJ33 -> Parametric study | AK31: ='or2509 Parameter Sets'!AN33 -> 11.35 | AL31: ='or2509 Parameter Sets'!AO33 -> 0.765 | AM31: ='or2509 Parameter Sets'!AP33 -> 0.0357 | AN31: ='or2509 Parameter Sets'!AQ33 -> 0.331 | AO31: ='or2509 Parameter Sets'!AR33 -> 0.0251 | AP31: ='or2509 Parameter Sets'!AS33 -> 0.0218 | AQ31: ='or2509 Parameter Sets'!AT33 -> 0.0132 | AR31: ='or2509 Parameter Sets'!AU33 -> 0.034 | ... AZ31: ='or2509 Parameter Sets'!BC33 -> False
A32: ='or2509 Parameter Sets'!A34 -> or2509-011 | B32: ='or2509 Parameter Sets'!B34 -> 104 | C32: ='or2509 Parameter Sets'!C34 -> 104 | D32: ='or2509 Parameter Sets'!D34 -> 45910 | E32: ='or2509 Parameter Sets'!E34 -> Nogowizin | F32: ='or2509 Parameter Sets'!F34 -> 0 | G32: ='or2509 Parameter Sets'!G34 -> 0 | H32: ='or2509 Parameter Sets'!H34 -> 0 | ... AJ32: ='or2509 Parameter Sets'!AJ34 -> Parametric study | AK32: ='or2509 Parameter Sets'!AN34 -> 11.31 | AL32: ='or2509 Parameter Sets'!AO34 -> 0.762 | AM32: ='or2509 Parameter Sets'!AP34 -> 0.0351 | AN32: ='or2509 Parameter Sets'!AQ34 -> 0.33 | AO32: ='or2509 Parameter Sets'!AR34 -> 0.024 | AP32: ='or2509 Parameter Sets'!AS34 -> 0.022 | AQ32: ='or2509 Parameter Sets'!AT34 -> 0.0131 | AR32: ='or2509 Parameter Sets'!AU34 -> 0.0337 | ... AZ32: ='or2509 Parameter Sets'!BC34 -> False
A33: ='or2509 Parameter Sets'!A35 -> or2509-011 | B33: ='or2509 Parameter Sets'!B35 -> 105 | C33: ='or2509 Parameter Sets'!C35 -> 105 | D33: ='or2509 Parameter Sets'!D35 -> 45910 | E33: ='or2509 Parameter Sets'!E35 -> Nogowizin | F33: ='or2509 Parameter Sets'!F35 -> 0 | G33: ='or2509 Parameter Sets'!G35 -> 0 | H33: ='or2509 Parameter Sets'!H35 -> 0 | ... AJ33: ='or2509 Parameter Sets'!AJ35 -> Parametric study | AK33: ='or2509 Parameter Sets'!AN35 -> 11.31 | AL33: ='or2509 Parameter Sets'!AO35 -> 0.762 | AM33: ='or2509 Parameter Sets'!AP35 -> 0.0351 | AN33: ='or2509 Parameter Sets'!AQ35 -> 0.33 | AO33: ='or2509 Parameter Sets'!AR35 -> 0.024 | AP33: ='or2509 Parameter Sets'!AS35 -> 0.022 | AQ33: ='or2509 Parameter Sets'!AT35 -> 0.0131 | AR33: ='or2509 Parameter Sets'!AU35 -> 0.0337 | ... AZ33: ='or2509 Parameter Sets'!BC35 -> False
A34: ='or2509 Parameter Sets'!A36 -> or2509-011 | B34: ='or2509 Parameter Sets'!B36 -> 106 | C34: ='or2509 Parameter Sets'!C36 -> 106 | D34: ='or2509 Parameter Sets'!D36 -> 45910 | E34: ='or2509 Parameter Sets'!E36 -> Nogowizin | F34: ='or2509 Parameter Sets'!F36 -> 0 | G34: ='or2509 Parameter Sets'!G36 -> 0 | H34: ='or2509 Parameter Sets'!H36 -> 0 | ... AJ34: ='or2509 Parameter Sets'!AJ36 -> Parametric study | AK34: ='or2509 Parameter Sets'!AN36 -> 11.31 | AL34: ='or2509 Parameter Sets'!AO36 -> 0.762 | AM34: ='or2509 Parameter Sets'!AP36 -> 0.0351 | AN34: ='or2509 Parameter Sets'!AQ36 -> 0.33 | AO34: ='or2509 Parameter Sets'!AR36 -> 0.024 | AP34: ='or2509 Parameter Sets'!AS36 -> 0.022 | AQ34: ='or2509 Parameter Sets'!AT36 -> 0.0131 | AR34: ='or2509 Parameter Sets'!AU36 -> 0.0337 | ... AZ34: ='or2509 Parameter Sets'!BC36 -> False
... A127: ='or2509 Parameter Sets'!A129 -> or2509-042 | B127: ='or2509 Parameter Sets'!B129 -> 328 | C127: ='or2509 Parameter Sets'!C129 -> 328 | D127: ='or2509 Parameter Sets'!D129 -> 45912 | E127: ='or2509 Parameter Sets'!E129 -> no optimization | F127: ='or2509 Parameter Sets'!F129 -> 160 | G127: ='or2509 Parameter Sets'!G129 -> 0.5 | H127: ='or2509 Parameter Sets'!H129 -> 380 | ... AJ127: ='or2509 Parameter Sets'!AJ129 -> Parametric study | AK127: ='or2509 Parameter Sets'!AN129 -> 11.37 | AL127: ='or2509 Parameter Sets'!AO129 -> 0.773 | AM127: ='or2509 Parameter Sets'!AP129 -> 0.036 | AN127: ='or2509 Parameter Sets'!AQ129 -> 0.327 | AO127: ='or2509 Parameter Sets'!AR129 -> 0.0222 | AP127: ='or2509 Parameter Sets'!AS129 -> 0.0222 | AQ127: ='or2509 Parameter Sets'!AT129 -> 0.0135 | AR127: ='or2509 Parameter Sets'!AU129 -> 0.0342 | ... AZ127: ='or2509 Parameter Sets'!BC129 -> False
A128: ='or2509 Parameter Sets'!A135 -> or2509-000 | B128: ='or2509 Parameter Sets'!B135 -> 414394 | C128: ='or2509 Parameter Sets'!C135 -> 394 | D128: ='or2509 Parameter Sets'!D135 -> 45905 | E128: ='or2509 Parameter Sets'!E135 -> no optimization | F128: ='or2509 Parameter Sets'!F135 -> 160 | G128: ='or2509 Parameter Sets'!G135 -> 0.2 | H128: ='or2509 Parameter Sets'!H135 -> 399 | ... AJ128: ='or2509 Parameter Sets'!AJ135 -> Baseline, thermal balance study | AK128: ='or2509 Parameter Sets'!AN135 -> 11.21 | AL128: ='or2509 Parameter Sets'!AO135 -> 0.651 | AM128: ='or2509 Parameter Sets'!AP135 -> 0.04 | AN128: ='or2509 Parameter Sets'!AQ135 -> 0.261 | AO128: ='or2509 Parameter Sets'!AR135 -> 0.0324 | AP128: ='or2509 Parameter Sets'!AS135 -> 0.0137 | AQ128: ='or2509 Parameter Sets'!AT135 -> 0.014 | AR128: ='or2509 Parameter Sets'!AU135 -> 0.0314 | ... AZ128: ='or2509 Parameter Sets'!BC135 -> False
A129: ='or2509 Parameter Sets'!A136 -> or2509-000 | B129: ='or2509 Parameter Sets'!B136 -> 414395 | C129: ='or2509 Parameter Sets'!C136 -> lost | D129: ='or2509 Parameter Sets'!D136 -> 45905 | E129: ='or2509 Parameter Sets'!E136 -> no optimization | F129: ='or2509 Parameter Sets'!F136 -> 160 | G129: ='or2509 Parameter Sets'!G136 -> 0.2 | H129: ='or2509 Parameter Sets'!H136 -> 399 | ... AJ129: ='or2509 Parameter Sets'!AJ136 -> Baseline, thermal balance study | AK129: ='or2509 Parameter Sets'!AN136 -> 11.21 | AL129: ='or2509 Parameter Sets'!AO136 -> 0.651 | AM129: ='or2509 Parameter Sets'!AP136 -> 0.04 | AN129: ='or2509 Parameter Sets'!AQ136 -> 0.261 | AO129: ='or2509 Parameter Sets'!AR136 -> 0.0324 | AP129: ='or2509 Parameter Sets'!AS136 -> 0.0137 | AQ129: ='or2509 Parameter Sets'!AT136 -> 0.014 | AR129: ='or2509 Parameter Sets'!AU136 -> 0.0314 | ... AZ129: ='or2509 Parameter Sets'!BC136 -> False
A130: ='or2509 Parameter Sets'!A137 -> or2509-000 | B130: ='or2509 Parameter Sets'!B137 -> 414396 | C130: ='or2509 Parameter Sets'!C137 -> 396 | D130: ='or2509 Parameter Sets'!D137 -> 45905 | E130: ='or2509 Parameter Sets'!E137 -> no optimization | F130: ='or2509 Parameter Sets'!F137 -> 160 | G130: ='or2509 Parameter Sets'!G137 -> 0.2 | H130: ='or2509 Parameter Sets'!H137 -> 399 | ... AJ130: ='or2509 Parameter Sets'!AJ137 -> Baseline, thermal balance study | AK130: ='or2509 Parameter Sets'!AN137 -> 11.21 | AL130: ='or2509 Parameter Sets'!AO137 -> 0.651 | AM130: ='or2509 Parameter Sets'!AP137 -> 0.04 | AN130: ='or2509 Parameter Sets'!AQ137 -> 0.261 | AO130: ='or2509 Parameter Sets'!AR137 -> 0.0324 | AP130: ='or2509 Parameter Sets'!AS137 -> 0.0137 | AQ130: ='or2509 Parameter Sets'!AT137 -> 0.014 | AR130: ='or2509 Parameter Sets'!AU137 -> 0.0314 | ... AZ130: ='or2509 Parameter Sets'!BC137 -> False
A131: ='or2509 Parameter Sets'!A138 -> or2509-000 | B131: ='or2509 Parameter Sets'!B138 -> 414397 | C131: ='or2509 Parameter Sets'!C138 -> 397 | D131: ='or2509 Parameter Sets'!D138 -> 45905 | E131: ='or2509 Parameter Sets'!E138 -> no optimization | F131: ='or2509 Parameter Sets'!F138 -> 160 | G131: ='or2509 Parameter Sets'!G138 -> 0.2 | H131: ='or2509 Parameter Sets'!H138 -> 399 | ... AJ131: ='or2509 Parameter Sets'!AJ138 -> Baseline, thermal balance study | AK131: ='or2509 Parameter Sets'!AN138 -> 11.21 | AL131: ='or2509 Parameter Sets'!AO138 -> 0.651 | AM131: ='or2509 Parameter Sets'!AP138 -> 0.04 | AN131: ='or2509 Parameter Sets'!AQ138 -> 0.261 | AO131: ='or2509 Parameter Sets'!AR138 -> 0.0324 | AP131: ='or2509 Parameter Sets'!AS138 -> 0.0137 | AQ131: ='or2509 Parameter Sets'!AT138 -> 0.014 | AR131: ='or2509 Parameter Sets'!AU138 -> 0.0314 | ... AZ131: ='or2509 Parameter Sets'!BC138 -> False
A132: ='or2509 Parameter Sets'!A139 -> or2509-000 | B132: ='or2509 Parameter Sets'!B139 -> 414398 | C132: ='or2509 Parameter Sets'!C139 -> 398 | D132: ='or2509 Parameter Sets'!D139 -> 45905 | E132: ='or2509 Parameter Sets'!E139 -> no optimization | F132: ='or2509 Parameter Sets'!F139 -> 160 | G132: ='or2509 Parameter Sets'!G139 -> 0.2 | H132: ='or2509 Parameter Sets'!H139 -> 399 | ... AJ132: ='or2509 Parameter Sets'!AJ139 -> Baseline, thermal balance study | AK132: ='or2509 Parameter Sets'!AN139 -> 11.21 | AL132: ='or2509 Parameter Sets'!AO139 -> 0.651 | AM132: ='or2509 Parameter Sets'!AP139 -> 0.04 | AN132: ='or2509 Parameter Sets'!AQ139 -> 0.261 | AO132: ='or2509 Parameter Sets'!AR139 -> 0.0324 | AP132: ='or2509 Parameter Sets'!AS139 -> 0.0137 | AQ132: ='or2509 Parameter Sets'!AT139 -> 0.014 | AR132: ='or2509 Parameter Sets'!AU139 -> 0.0314 | ... AZ132: ='or2509 Parameter Sets'!BC139 -> False
A133: ='or2509 Parameter Sets'!A140 -> or2509-000 | B133: ='or2509 Parameter Sets'!B140 -> 414399 | C133: ='or2509 Parameter Sets'!C140 -> 399 | D133: ='or2509 Parameter Sets'!D140 -> 45905 | E133: ='or2509 Parameter Sets'!E140 -> no optimization | F133: ='or2509 Parameter Sets'!F140 -> 160 | G133: ='or2509 Parameter Sets'!G140 -> 0.2 | H133: ='or2509 Parameter Sets'!H140 -> 399 | ... AJ133: ='or2509 Parameter Sets'!AJ140 -> Baseline, thermal balance study | AK133: ='or2509 Parameter Sets'!AN140 -> 11.21 | AL133: ='or2509 Parameter Sets'!AO140 -> 0.651 | AM133: ='or2509 Parameter Sets'!AP140 -> 0.04 | AN133: ='or2509 Parameter Sets'!AQ140 -> 0.261 | AO133: ='or2509 Parameter Sets'!AR140 -> 0.0324 | AP133: ='or2509 Parameter Sets'!AS140 -> 0.0137 | AQ133: ='or2509 Parameter Sets'!AT140 -> 0.014 | AR133: ='or2509 Parameter Sets'!AU140 -> 0.0314 | ... AZ133: ='or2509 Parameter Sets'!BC140 -> False
A134: ='or2509 Parameter Sets'!A141 -> or2509-000 | B134: ='or2509 Parameter Sets'!B141 -> 414400 | C134: ='or2509 Parameter Sets'!C141 -> 400 | D134: ='or2509 Parameter Sets'!D141 -> 45905 | E134: ='or2509 Parameter Sets'!E141 -> no optimization | F134: ='or2509 Parameter Sets'!F141 -> 160 | G134: ='or2509 Parameter Sets'!G141 -> 0.2 | H134: ='or2509 Parameter Sets'!H141 -> 399 | ... AJ134: ='or2509 Parameter Sets'!AJ141 -> Baseline, thermal balance study | AK134: ='or2509 Parameter Sets'!AN141 -> 11.21 | AL134: ='or2509 Parameter Sets'!AO141 -> 0.651 | AM134: ='or2509 Parameter Sets'!AP141 -> 0.04 | AN134: ='or2509 Parameter Sets'!AQ141 -> 0.261 | AO134: ='or2509 Parameter Sets'!AR141 -> 0.0324 | AP134: ='or2509 Parameter Sets'!AS141 -> 0.0137 | AQ134: ='or2509 Parameter Sets'!AT141 -> 0.014 | AR134: ='or2509 Parameter Sets'!AU141 -> 0.0314 | ... AZ134: ='or2509 Parameter Sets'!BC141 -> False
A135: ='or2509 Parameter Sets'!A142 -> or2509-000 | B135: ='or2509 Parameter Sets'!B142 -> 414401 | C135: ='or2509 Parameter Sets'!C142 -> lost | D135: ='or2509 Parameter Sets'!D142 -> 45905 | E135: ='or2509 Parameter Sets'!E142 -> no optimization | F135: ='or2509 Parameter Sets'!F142 -> 160 | G135: ='or2509 Parameter Sets'!G142 -> 0.2 | H135: ='or2509 Parameter Sets'!H142 -> 399 | ... AJ135: ='or2509 Parameter Sets'!AJ142 -> Baseline, thermal balance study | AK135: ='or2509 Parameter Sets'!AN142 -> 11.21 | AL135: ='or2509 Parameter Sets'!AO142 -> 0.651 | AM135: ='or2509 Parameter Sets'!AP142 -> 0.04 | AN135: ='or2509 Parameter Sets'!AQ142 -> 0.261 | AO135: ='or2509 Parameter Sets'!AR142 -> 0.0324 | AP135: ='or2509 Parameter Sets'!AS142 -> 0.0137 | AQ135: ='or2509 Parameter Sets'!AT142 -> 0.014 | AR135: ='or2509 Parameter Sets'!AU142 -> 0.0314 | ... AZ135: ='or2509 Parameter Sets'!BC142 -> False
A136: ='or2509 Parameter Sets'!A143 -> or2509-000 | B136: ='or2509 Parameter Sets'!B143 -> 414402 | C136: ='or2509 Parameter Sets'!C143 -> 402 | D136: ='or2509 Parameter Sets'!D143 -> 45905 | E136: ='or2509 Parameter Sets'!E143 -> no optimization | F136: ='or2509 Parameter Sets'!F143 -> 160 | G136: ='or2509 Parameter Sets'!G143 -> 0.2 | H136: ='or2509 Parameter Sets'!H143 -> 399 | ... AJ136: ='or2509 Parameter Sets'!AJ143 -> Baseline, thermal balance study | AK136: ='or2509 Parameter Sets'!AN143 -> 11.21 | AL136: ='or2509 Parameter Sets'!AO143 -> 0.651 | AM136: ='or2509 Parameter Sets'!AP143 -> 0.04 | AN136: ='or2509 Parameter Sets'!AQ143 -> 0.261 | AO136: ='or2509 Parameter Sets'!AR143 -> 0.0324 | AP136: ='or2509 Parameter Sets'!AS143 -> 0.0137 | AQ136: ='or2509 Parameter Sets'!AT143 -> 0.014 | AR136: ='or2509 Parameter Sets'!AU143 -> 0.0314 | ... AZ136: ='or2509 Parameter Sets'!BC143 -> False
A137: ='or2509 Parameter Sets'!A144 -> or2509-000 | B137: ='or2509 Parameter Sets'!B144 -> 414403 | C137: ='or2509 Parameter Sets'!C144 -> 403 | D137: ='or2509 Parameter Sets'!D144 -> 45905 | E137: ='or2509 Parameter Sets'!E144 -> no optimization | F137: ='or2509 Parameter Sets'!F144 -> 160 | G137: ='or2509 Parameter Sets'!G144 -> 0.2 | H137: ='or2509 Parameter Sets'!H144 -> 399 | ... AJ137: ='or2509 Parameter Sets'!AJ144 -> Baseline, thermal balance study | AK137: ='or2509 Parameter Sets'!AN144 -> 11.21 | AL137: ='or2509 Parameter Sets'!AO144 -> 0.651 | AM137: ='or2509 Parameter Sets'!AP144 -> 0.04 | AN137: ='or2509 Parameter Sets'!AQ144 -> 0.261 | AO137: ='or2509 Parameter Sets'!AR144 -> 0.0324 | AP137: ='or2509 Parameter Sets'!AS144 -> 0.0137 | AQ137: ='or2509 Parameter Sets'!AT144 -> 0.014 | AR137: ='or2509 Parameter Sets'!AU144 -> 0.0314 | ... AZ137: ='or2509 Parameter Sets'!BC144 -> False
A138: ='or2509 Parameter Sets'!A145 -> or2509-000 | B138: ='or2509 Parameter Sets'!B145 -> 414404 | C138: ='or2509 Parameter Sets'!C145 -> 404 | D138: ='or2509 Parameter Sets'!D145 -> 45905 | E138: ='or2509 Parameter Sets'!E145 -> no optimization | F138: ='or2509 Parameter Sets'!F145 -> 160 | G138: ='or2509 Parameter Sets'!G145 -> 0.2 | H138: ='or2509 Parameter Sets'!H145 -> 399 | ... AJ138: ='or2509 Parameter Sets'!AJ145 -> Baseline, thermal balance study | AK138: ='or2509 Parameter Sets'!AN145 -> 11.21 | AL138: ='or2509 Parameter Sets'!AO145 -> 0.651 | AM138: ='or2509 Parameter Sets'!AP145 -> 0.04 | AN138: ='or2509 Parameter Sets'!AQ145 -> 0.261 | AO138: ='or2509 Parameter Sets'!AR145 -> 0.0324 | AP138: ='or2509 Parameter Sets'!AS145 -> 0.0137 | AQ138: ='or2509 Parameter Sets'!AT145 -> 0.014 | AR138: ='or2509 Parameter Sets'!AU145 -> 0.0314 | ... AZ138: ='or2509 Parameter Sets'!BC145 -> False
A139: ='or2509 Parameter Sets'!A146 -> or2509-000 | B139: ='or2509 Parameter Sets'!B146 -> 414405 | C139: ='or2509 Parameter Sets'!C146 -> 405 | D139: ='or2509 Parameter Sets'!D146 -> 45905 | E139: ='or2509 Parameter Sets'!E146 -> no optimization | F139: ='or2509 Parameter Sets'!F146 -> 160 | G139: ='or2509 Parameter Sets'!G146 -> 0.2 | H139: ='or2509 Parameter Sets'!H146 -> 399 | ... AJ139: ='or2509 Parameter Sets'!AJ146 -> Baseline, thermal balance study | AK139: ='or2509 Parameter Sets'!AN146 -> 11.21 | AL139: ='or2509 Parameter Sets'!AO146 -> 0.651 | AM139: ='or2509 Parameter Sets'!AP146 -> 0.04 | AN139: ='or2509 Parameter Sets'!AQ146 -> 0.261 | AO139: ='or2509 Parameter Sets'!AR146 -> 0.0324 | AP139: ='or2509 Parameter Sets'!AS146 -> 0.0137 | AQ139: ='or2509 Parameter Sets'!AT146 -> 0.014 | AR139: ='or2509 Parameter Sets'!AU146 -> 0.0314 | ... AZ139: ='or2509 Parameter Sets'!BC146 -> False
... A157: ='or2509 Parameter Sets'!A164 -> or2509-000 | B157: ='or2509 Parameter Sets'!B164 -> 414423 | C157: ='or2509 Parameter Sets'!C164 -> 423 | D157: ='or2509 Parameter Sets'!D164 -> 45905 | E157: ='or2509 Parameter Sets'!E164 -> no optimization | F157: ='or2509 Parameter Sets'!F164 -> 160 | G157: ='or2509 Parameter Sets'!G164 -> 0.2 | H157: ='or2509 Parameter Sets'!H164 -> 399 | ... AJ157: ='or2509 Parameter Sets'!AJ164 -> Baseline, thermal balance study | AK157: ='or2509 Parameter Sets'!AN164 -> 11.21 | AL157: ='or2509 Parameter Sets'!AO164 -> 0.651 | AM157: ='or2509 Parameter Sets'!AP164 -> 0.04 | AN157: ='or2509 Parameter Sets'!AQ164 -> 0.261 | AO157: ='or2509 Parameter Sets'!AR164 -> 0.0324 | AP157: ='or2509 Parameter Sets'!AS164 -> 0.0137 | AQ157: ='or2509 Parameter Sets'!AT164 -> 0.014 | AR157: ='or2509 Parameter Sets'!AU164 -> 0.0314 | ... AZ157: ='or2509 Parameter Sets'!BC164 -> False
